Residue,WT,MUT,MIC,Source
7,VAL,GLY,800,CDC
8,ASP,ASN,800,CDC
10,GLN,ARG,800,CDC
10,GLN,PRO,800,CDC
10,GLN,PRO,>100,EXIT-RIF
13,PHE,CYS,75-100,EXIT-RIF
14,CYS,ARG,>100,EXIT-RIF
14,CYS,GLY,800,CDC
19,LEU,PRO,800,CDC
31,ILE,ASN,>100,EXIT-RIF
31,ILE,SER,>100,EXIT-RIF
34,TYR,ASP,800,CDC
34,TYR,ASP,>100,EXIT-RIF
35,LEU,ARG,25-50,EXIT-RIF
35,LEU,ARG,50-75,EXIT-RIF
35,LEU,ARG,75-100,EXIT-RIF
47,THR,ALA,200,CDC
49,ASP,GLU,200,CDC
51,HIS,ARG,800,CDC
51,HIS,PRO,>100,EXIT-RIF
51,HIS,TYR,800,CDC
54,PRO,LEU,600,CDC
57,HIS,ASP,800,CDC
58,PHE,LEU,800,CDC
58,PHE,SER,>100,EXIT-RIF
59,SER,PRO,>100,EXIT-RIF
59,SER,PRO,800,CDC
62,PRO,LEU,>100,EXIT-RIF
63,ASP,ALA,300-400,CDC
66,SER,PRO,>100,EXIT-RIF
68,TRP,ARG,>100,EXIT-RIF
68,TRP,GLY,>100,EXIT-RIF
68,TRP,SER,800,CDC
71,HIS,TYR,>100,EXIT-RIF
72,CYS,GLY,0,EXIT-RIF
81,PHE,SER,100,CDC
97,GLY,ASP,>100,EXIT-RIF
97,GLY,ASP,0,EXIT-RIF
97,GLY,CYS,>100,EXIT-RIF
100,THR,PRO,>100,EXIT-RIF
102,ALA,VAL,>100,EXIT-RIF
102,ALA,VAL,25-75,EXIT-RIF
103,TYR,HIS,>100,EXIT-RIF
104,SER,ARG,>100,EXIT-RIF
106,PHE,SER,800,CDC
108,GLY,ARG,>100,EXIT-RIF
114,THR,MET,0-25,EXIT-RIF
120,LEU,ARG,800,CDC
120,LEU,PRO,>100,EXIT-RIF
130,VAL,ALA,50-100,EXIT-RIF
130,VAL,ALA,0-25,EXIT-RIF
130,VAL,GLY,800,CDC
132,GLY,SER,>100,EXIT-RIF
134,ALA,ASP,>100,EXIT-RIF
134,ALA,VAL,>100,EXIT-RIF
135,THR,PRO,>100,EXIT-RIF
139,VAL,ALA,400,CDC
139,VAL,ALA,800,CDC
139,VAL,ALA,>100,EXIT-RIF
139,VAL,GLY,800,CDC
139,VAL,GLY,>100,EXIT-RIF
140,ARG,PRO,100,CDC
141,GLN,PRO,800,CDC
142,THR,ALA,600-800,CDC
142,THR,MET,800,CDC
146,ALA,GLU,800,CDC
154,ARG,GLY,>100,EXIT-RIF
154,ARG,GLY,600-800,CDC
156,LEU,PRO,200-300,CDC
172,LEU,PRO,800,CDC
182,LEU,SER,>100,EXIT-RIF