MUTATION,IS_SNP,IN_CDS,R,S
-2_indel,False,False,0,12
-32_indel,False,False,0,1
-3_indel,False,False,2,0
-4_indel,False,False,10,1
-9_indel,False,False,0,1
102_indel,False,True,1,0
108_indel,False,True,1,0
116_indel,False,True,1,0
117_indel,False,True,1,0
122_indel,False,True,1,0
128_indel,False,True,1,0
133_indel,False,True,1,0
135_indel,False,True,1,0
150_indel,False,True,1,0
153_indel,False,True,1,0
156_indel,False,True,0,1
162_indel,False,True,2,0
166_indel,False,True,2,0
169_indel,False,True,1,0
170_indel,False,True,3,0
171_indel,False,True,1,0
17_indel,False,True,1,0
185_indel,False,True,1,0
186_indel,False,True,4,1
18_indel,False,True,1,0
190_indel,False,True,1,0
192_indel,False,True,1,0
193_indel,False,True,2,0
196_indel,False,True,3,1
198_indel,False,True,1,0
1_indel,False,True,0,2
201_indel,False,True,3,4
20_indel,False,True,0,1
218_indel,False,True,1,0
220_indel,False,True,1,0
232_indel,False,True,0,2
234_indel,False,True,2,0
237_indel,False,True,1,0
23_indel,False,True,1,0
247_indel,False,True,1,0
250_indel,False,True,2,0
252_indel,False,True,1,0
253_indel,False,True,1,0
257_indel,False,True,1,1
260_indel,False,True,1,0
261_indel,False,True,1,0
262_indel,False,True,0,1
287_indel,False,True,1,0
288_indel,False,True,3,0
28_indel,False,True,1,0
291_indel,False,True,1,0
294_indel,False,True,4,0
297_indel,False,True,1,0
306_indel,False,True,1,0
310_indel,False,True,3,0
315_indel,False,True,1,0
318_indel,False,True,8,2
319_indel,False,True,2,0
324_indel,False,True,1,0
327_indel,False,True,1,0
334_indel,False,True,1,0
336_indel,False,True,1,0
342_indel,False,True,1,0
343_indel,False,True,1,0
344_indel,False,True,1,0
347_indel,False,True,1,0
350_indel,False,True,4,0
356_indel,False,True,10,0
35_indel,False,True,5,0
365_indel,False,True,1,0
37_indel,False,True,2,0
382_indel,False,True,1,0
389_indel,False,True,5,0
38_indel,False,True,2,0
390_indel,False,True,18,0
391_indel,False,True,4,0
392_indel,False,True,19,0
394_indel,False,True,3,0
395_indel,False,True,6,0
398_indel,False,True,20,4
400_indel,False,True,2,0
406_indel,False,True,1,0
407_indel,False,True,2,0
408_indel,False,True,5,1
409_indel,False,True,1,0
417_indel,False,True,0,1
418_indel,False,True,8,2
422_indel,False,True,1,0
423_indel,False,True,0,1
424_indel,False,True,0,1
429_indel,False,True,1,0
434_indel,False,True,0,1
43_indel,False,True,1,0
447_indel,False,True,1,0
449_indel,False,True,0,1
450_indel,False,True,2,0
454_indel,False,True,1,0
457_indel,False,True,5,0
458_indel,False,True,5,0
459_indel,False,True,1,0
45_indel,False,True,1,0
461_indel,False,True,1,0
464_indel,False,True,4,0
465_indel,False,True,12,1
466_indel,False,True,1,0
467_indel,False,True,15,2
471_indel,False,True,1,0
473_indel,False,True,1,0
476_indel,False,True,1,0
477_indel,False,True,2,1
481_indel,False,True,1,0
484_indel,False,True,1,0
487_indel,False,True,1,0
48_indel,False,True,1,1
491_indel,False,True,1,0
493_indel,False,True,1,0
495_indel,False,True,1,0
496_indel,False,True,1,0
4_indel,False,True,1,0
513_indel,False,True,0,1
514_indel,False,True,0,1
516_indel,False,True,1,0
518_indel,False,True,6,0
51_indel,False,True,0,1
524_indel,False,True,1,0
529_indel,False,True,1,0
533_indel,False,True,32,4
539_indel,False,True,1,0
560_indel,False,True,2,0
59_indel,False,True,2,0
60_indel,False,True,2,0
63_indel,False,True,0,1
65_indel,False,True,2,0
67_indel,False,True,2,1
72_indel,False,True,1,0
75_indel,False,True,1,0
76_indel,False,True,1,0
81_indel,False,True,0,1
85_indel,False,True,2,0
86_indel,False,True,1,0
8_indel,False,True,2,0
93_indel,False,True,1,0
A102P,True,True,6,2
A102R,True,True,0,1
A102T,True,True,2,0
A102V,True,True,5,8
A134D,True,True,0,1
A134G,True,True,1,1
A134V,True,True,13,1
A143G,True,True,5,0
A143S,True,True,0,1
A143T,True,True,0,1
A143V,True,True,0,6
A146E,True,True,3,0
A146P,True,True,2,0
A146T,True,True,7,2
A146V,True,True,17,1
A165A,True,True,0,2
A171E,True,True,2,2
A171T,True,True,1,3
A171V,True,True,1,8
A25A,True,True,0,1
A28D,True,True,1,0
A30A,True,True,0,1
A30V,True,True,0,2
A38A,True,True,0,17
A39A,True,True,0,1
A3E,True,True,4,0
A46A,True,True,2,0
A46E,True,True,2,0
A46T,True,True,0,4
A46V,True,True,3,2
A79E,True,True,1,0
A79T,True,True,0,4
A79V,True,True,0,5
C138R,True,True,7,0
C14!,True,True,1,0
C14G,True,True,4,8
C14R,True,True,26,3
C14W,True,True,0,1
C72R,True,True,5,0
C72W,True,True,1,0
C72Y,True,True,2,0
D110G,True,True,0,1
D110Y,True,True,1,0
D129G,True,True,0,1
D129N,True,True,1,1
D129Y,True,True,1,0
D12A,True,True,12,12
D12E,True,True,7,1
D12G,True,True,7,3
D12H,True,True,1,0
D12N,True,True,5,0
D136A,True,True,1,0
D136E,True,True,0,1
D136G,True,True,2,9
D136N,True,True,2,5
D136V,True,True,1,0
D136Y,True,True,2,0
D145N,True,True,0,1
D145Y,True,True,1,0
D158N,True,True,0,1
D49A,True,True,12,0
D49E,True,True,1,0
D49G,True,True,27,2
D49N,True,True,8,0
D49Y,True,True,1,0
D53E,True,True,0,1
D63A,True,True,7,4
D63D,True,True,1,0
D63G,True,True,2,7
D80V,True,True,0,1
D86G,True,True,0,1
D8A,True,True,2,0
D8E,True,True,7,1
D8G,True,True,21,2
D8H,True,True,1,0
D8N,True,True,10,1
D8Y,True,True,1,0
E107K,True,True,0,1
E15!,True,True,1,0
E15G,True,True,0,3
E181!,True,True,1,0
E181E,True,True,0,1
E37V,True,True,0,1
E91!,True,True,2,0
F106I,True,True,0,1
F106S,True,True,2,0
F13C,True,True,0,1
F13I,True,True,3,0
F13L,True,True,3,3
F13S,True,True,2,4
F13V,True,True,0,2
F58C,True,True,1,0
F58L,True,True,10,10
F58S,True,True,1,0
F58V,True,True,0,3
F81C,True,True,1,0
F81S,True,True,0,3
F81V,True,True,2,2
F94C,True,True,12,1
F94L,True,True,7,5
F94S,True,True,2,0
F94V,True,True,0,1
G101R,True,True,0,1
G105D,True,True,5,0
G105R,True,True,1,0
G105V,True,True,5,0
G108E,True,True,1,0
G108G,True,True,0,1
G108R,True,True,3,1
G113G,True,True,0,1
G124S,True,True,0,1
G132A,True,True,8,2
G132C,True,True,1,0
G132D,True,True,4,0
G132R,True,True,1,0
G132S,True,True,8,0
G162D,True,True,7,0
G162R,True,True,1,0
G17A,True,True,1,0
G17D,True,True,3,1
G17G,True,True,0,1
G17R,True,True,1,0
G17S,True,True,0,2
G17V,True,True,0,1
G24D,True,True,6,1
G24G,True,True,0,2
G24V,True,True,0,1
G75G,True,True,0,6
G75V,True,True,0,1
G78C,True,True,2,1
G78D,True,True,1,0
G78S,True,True,1,1
G78V,True,True,1,0
G97C,True,True,11,1
G97D,True,True,49,7
G97G,True,True,0,3
G97R,True,True,8,0
G97S,True,True,13,1
G97V,True,True,4,0
H137N,True,True,1,0
H137P,True,True,2,0
H137R,True,True,0,2
H137Y,True,True,0,1
H43H,True,True,0,1
H43P,True,True,1,0
H43Y,True,True,0,2
H51D,True,True,33,0
H51P,True,True,5,1
H51Q,True,True,4,2
H51R,True,True,67,12
H51Y,True,True,4,0
H57D,True,True,230,5
H57L,True,True,6,0
H57P,True,True,2,0
H57Q,True,True,1,0
H57R,True,True,45,1
H57Y,True,True,10,0
H71P,True,True,5,0
H71Q,True,True,2,0
H71R,True,True,16,5
H71Y,True,True,31,4
H82D,True,True,1,8
H82H,True,True,0,1
H82R,True,True,6,1
I133S,True,True,1,0
I133T,True,True,21,13
I31I,True,True,0,1
I31S,True,True,20,2
I31T,True,True,0,1
I5S,True,True,4,1
I5T,True,True,1,2
I6L,True,True,8,119
I6S,True,True,3,0
I6T,True,True,12,0
I6V,True,True,0,2
I90S,True,True,7,3
I90T,True,True,2,0
K48E,True,True,3,2
K48N,True,True,0,1
K48T,True,True,11,28
K96E,True,True,9,1
K96N,True,True,1,0
K96Q,True,True,2,2
K96R,True,True,6,3
K96T,True,True,21,0
L116P,True,True,3,5
L116V,True,True,0,1
L120P,True,True,15,0
L120Q,True,True,4,0
L120R,True,True,6,0
L151L,True,True,0,2
L151S,True,True,12,4
L151W,True,True,0,1
L156P,True,True,2,1
L159R,True,True,6,0
L159V,True,True,2,2
L172L,True,True,0,1
L172P,True,True,12,1
L172R,True,True,2,0
L182F,True,True,0,7
L182S,True,True,9,4
L182W,True,True,3,2
L19L,True,True,1,0
L19P,True,True,3,1
L27P,True,True,10,2
L27Q,True,True,0,1
L35L,True,True,0,3
L35P,True,True,4,7
L35R,True,True,1,28
L4S,True,True,34,9
L4W,True,True,5,3
L85P,True,True,8,1
L85R,True,True,12,2
M175I,True,True,1,4
M175R,True,True,1,0
M175T,True,True,3,0
M175V,True,True,7,2
M1I,True,True,0,2
M1R,True,True,1,0
M1T,True,True,6,0
P115L,True,True,0,2
P115S,True,True,0,1
P54A,True,True,1,2
P54L,True,True,31,5
P54Q,True,True,4,0
P54R,True,True,1,1
P54S,True,True,1,0
P62L,True,True,6,0
P62Q,True,True,1,0
P62R,True,True,1,0
P62S,True,True,2,4
P62T,True,True,3,0
P69L,True,True,7,1
P69R,True,True,1,0
P69S,True,True,0,4
P77L,True,True,0,1
P77P,True,True,0,1
Q10!,True,True,5,0
Q10H,True,True,2,0
Q10P,True,True,78,2
Q10R,True,True,90,8
Q122!,True,True,7,0
Q141!,True,True,4,0
Q141P,True,True,35,1
R121P,True,True,0,2
R123P,True,True,1,0
R140P,True,True,2,0
R140R,True,True,0,1
R140S,True,True,0,1
R148R,True,True,0,1
R148S,True,True,0,1
R154G,True,True,11,8
R29C,True,True,0,1
R29P,True,True,0,2
R2L,True,True,0,1
R2Q,True,True,0,1
R2R,True,True,1,0
S104G,True,True,1,1
S104I,True,True,2,0
S104R,True,True,11,2
S104T,True,True,0,1
S164!,True,True,3,0
S164P,True,True,5,1
S179I,True,True,0,1
S18!,True,True,2,3
S18P,True,True,0,1
S32I,True,True,1,0
S59F,True,True,1,0
S59P,True,True,11,0
S65P,True,True,0,4
S65S,True,True,19,3204
S66A,True,True,0,1
S66L,True,True,0,8
S66P,True,True,1,0
S67P,True,True,15,1
S67W,True,True,1,2
T100A,True,True,1,0
T100I,True,True,0,1
T100P,True,True,5,0
T114M,True,True,0,6
T114P,True,True,1,0
T135A,True,True,0,1
T135I,True,True,0,2
T135P,True,True,26,2
T135S,True,True,0,1
T142A,True,True,22,3
T142K,True,True,2,0
T142M,True,True,7,0
T142P,True,True,1,0
T153T,True,True,0,2
T160K,True,True,1,0
T160P,True,True,15,0
T160R,True,True,3,0
T167I,True,True,0,2
T167P,True,True,0,1
T167T,True,True,0,1
T168I,True,True,0,5
T168P,True,True,2,0
T168S,True,True,0,2
T177P,True,True,5,2
T47A,True,True,14,5
T47I,True,True,0,3
T47N,True,True,2,0
T47P,True,True,3,0
T61P,True,True,0,1
T76I,True,True,1,0
T76P,True,True,34,6
T87M,True,True,0,19
V109G,True,True,0,4
V125F,True,True,2,8
V125G,True,True,4,0
V125I,True,True,0,2
V128G,True,True,11,3
V128I,True,True,0,1
V128L,True,True,0,1
V130G,True,True,6,0
V131F,True,True,4,0
V131G,True,True,2,0
V131V,True,True,1,0
V139A,True,True,31,14
V139G,True,True,6,1
V139L,True,True,1,2
V139M,True,True,1,0
V155A,True,True,1,1
V155G,True,True,7,1
V155L,True,True,0,1
V155M,True,True,5,1
V155V,True,True,1,0
V157G,True,True,1,0
V157L,True,True,0,2
V163A,True,True,1,1
V163G,True,True,1,1
V163L,True,True,0,1
V180A,True,True,3,0
V180F,True,True,11,0
V180G,True,True,10,0
V180L,True,True,1,0
V180V,True,True,0,1
V183L,True,True,0,1
V21A,True,True,0,5
V21G,True,True,4,1
V44G,True,True,4,1
V44V,True,True,0,2
V45A,True,True,0,1
V45M,True,True,0,2
V7A,True,True,4,1
V7F,True,True,2,1
V7G,True,True,30,2
V7I,True,True,1,0
V7L,True,True,11,1
V93A,True,True,1,2
V93L,True,True,0,1
V9G,True,True,2,1
V9V,True,True,0,2
W119!,True,True,4,0
W119C,True,True,2,0
W119G,True,True,2,0
W119L,True,True,3,3
W119R,True,True,3,2
W119S,True,True,2,0
W68!,True,True,4,0
W68C,True,True,14,0
W68G,True,True,20,1
W68L,True,True,2,0
W68R,True,True,15,1
W68S,True,True,2,0
Y103!,True,True,17,2
Y103C,True,True,8,5
Y103D,True,True,3,0
Y103H,True,True,5,0
Y103S,True,True,2,0
Y103Y,True,True,0,1
Y34!,True,True,3,0
Y34D,True,True,11,2
Y34S,True,True,0,1
Y41!,True,True,0,1
Y41C,True,True,0,1
Y64!,True,True,8,0
Y64D,True,True,2,4
Y95!,True,True,4,1
Y95D,True,True,1,0
Y99!,True,True,2,0
Y99C,True,True,0,1
a-11c,True,False,14,3
a-11g,True,False,104,12
a-11t,True,False,4,1
a-15c,True,False,0,1
c-19t,True,False,0,1
g-13t,True,False,0,2
g-33a,True,False,0,7
g-9a,True,False,0,1
t-10c,True,False,0,2
t-12c,True,False,8,1
t-7c,True,False,5,0
t-7g,True,False,1,0
