MUTATION,IS_SNP,IN_CDS,R,S,TOTAL,PROP_R,PROP_S,RELIABLE_PHENOTYPE,CONSISTENT_PHENOTYPE,VALID
A102P,True,True,8,4,12,0.6666666666666666,0.3333333333333333,False,U,True
A102R,True,True,0,3,3,0.0,1.0,True,S,True
A102T,True,True,3,0,3,1.0,0.0,True,R,True
A102V,True,True,12,13,25,0.48,0.52,False,U,True
A134D,True,True,0,1,1,0.0,1.0,False,U,True
A134G,True,True,2,1,3,0.6666666666666666,0.3333333333333333,False,U,True
A134V,True,True,23,2,25,0.92,0.08,True,R,True
A143D,True,True,1,1,2,0.5,0.5,False,U,True
A143G,True,True,6,0,6,1.0,0.0,True,R,True
A143S,True,True,0,1,1,0.0,1.0,False,U,True
A143T,True,True,1,6,7,0.14285714285714285,0.8571428571428571,True,S,True
A143V,True,True,0,6,6,0.0,1.0,True,S,True
A146E,True,True,4,0,4,1.0,0.0,True,R,True
A146P,True,True,3,0,3,1.0,0.0,True,R,True
A146T,True,True,7,2,9,0.7777777777777778,0.2222222222222222,True,R,True
A146V,True,True,19,1,20,0.95,0.05,True,R,True
A161P,True,True,1,0,1,1.0,0.0,False,U,True
A161V,True,True,0,1,1,0.0,1.0,False,U,True
A171E,True,True,2,2,4,0.5,0.5,False,U,True
A171T,True,True,4,8,12,0.3333333333333333,0.6666666666666666,False,U,True
A171V,True,True,4,14,18,0.2222222222222222,0.7777777777777778,True,S,True
A28D,True,True,1,0,1,1.0,0.0,False,U,True
A28T,True,True,0,1,1,0.0,1.0,False,U,True
A30V,True,True,0,2,2,0.0,1.0,True,S,True
A3E,True,True,5,0,5,1.0,0.0,True,R,True
A46E,True,True,2,0,2,1.0,0.0,True,R,True
A46T,True,True,0,4,4,0.0,1.0,True,S,True
A46V,True,True,13,6,19,0.6842105263157895,0.3157894736842105,False,U,True
A79E,True,True,1,0,1,1.0,0.0,False,U,True
A79T,True,True,0,4,4,0.0,1.0,True,S,True
A79V,True,True,0,6,6,0.0,1.0,True,S,True
C138R,True,True,11,0,11,1.0,0.0,True,R,True
C138W,True,True,1,0,1,1.0,0.0,False,U,True
C14G,True,True,8,9,17,0.47058823529411764,0.5294117647058824,False,U,True
C14R,True,True,28,3,31,0.9032258064516129,0.0967741935483871,True,R,True
C14W,True,True,0,1,1,0.0,1.0,False,U,True
C72R,True,True,7,0,7,1.0,0.0,True,R,True
C72W,True,True,1,0,1,1.0,0.0,False,U,True
C72Y,True,True,2,0,2,1.0,0.0,True,R,True
D110G,True,True,0,1,1,0.0,1.0,False,U,True
D110Y,True,True,1,0,1,1.0,0.0,False,U,True
D129G,True,True,0,1,1,0.0,1.0,False,U,True
D129N,True,True,1,1,2,0.5,0.5,False,U,True
D129Y,True,True,2,0,2,1.0,0.0,True,R,True
D12A,True,True,46,15,61,0.7540983606557377,0.2459016393442623,True,R,True
D12E,True,True,9,1,10,0.9,0.1,True,R,True
D12G,True,True,17,6,23,0.7391304347826086,0.2608695652173913,False,U,True
D12H,True,True,1,0,1,1.0,0.0,False,U,True
D12N,True,True,8,0,8,1.0,0.0,True,R,True
D136A,True,True,1,0,1,1.0,0.0,False,U,True
D136E,True,True,0,1,1,0.0,1.0,False,U,True
D136G,True,True,11,13,24,0.4583333333333333,0.5416666666666666,False,U,True
D136N,True,True,2,5,7,0.2857142857142857,0.7142857142857143,False,U,True
D136V,True,True,1,0,1,1.0,0.0,False,U,True
D136Y,True,True,6,0,6,1.0,0.0,True,R,True
D145N,True,True,0,1,1,0.0,1.0,False,U,True
D145Y,True,True,1,0,1,1.0,0.0,False,U,True
D158N,True,True,0,1,1,0.0,1.0,False,U,True
D33A,True,True,1,1,2,0.5,0.5,False,U,True
D49A,True,True,20,2,22,0.9090909090909091,0.09090909090909091,True,R,True
D49E,True,True,2,2,4,0.5,0.5,False,U,True
D49G,True,True,45,2,47,0.9574468085106383,0.0425531914893617,True,R,True
D49N,True,True,9,0,9,1.0,0.0,True,R,True
D49Y,True,True,1,0,1,1.0,0.0,False,U,True
D53E,True,True,0,1,1,0.0,1.0,False,U,True
D63A,True,True,17,5,22,0.7727272727272727,0.22727272727272727,True,R,True
D63G,True,True,6,7,13,0.46153846153846156,0.5384615384615384,False,U,True
D63H,True,True,1,1,2,0.5,0.5,False,U,True
D80V,True,True,0,1,1,0.0,1.0,False,U,True
D86G,True,True,0,1,1,0.0,1.0,False,U,True
D8A,True,True,3,0,3,1.0,0.0,True,R,True
D8E,True,True,13,1,14,0.9285714285714286,0.07142857142857142,True,R,True
D8G,True,True,30,2,32,0.9375,0.0625,True,R,True
D8H,True,True,1,0,1,1.0,0.0,False,U,True
D8N,True,True,13,1,14,0.9285714285714286,0.07142857142857142,True,R,True
D8Y,True,True,1,0,1,1.0,0.0,False,U,True
E107K,True,True,0,1,1,0.0,1.0,False,U,True
E15G,True,True,0,3,3,0.0,1.0,True,S,True
E174G,True,True,1,1,2,0.5,0.5,False,U,True
E37V,True,True,0,1,1,0.0,1.0,False,U,True
F106I,True,True,0,1,1,0.0,1.0,False,U,True
F106S,True,True,2,0,2,1.0,0.0,True,R,True
F13C,True,True,0,1,1,0.0,1.0,False,U,True
F13I,True,True,3,0,3,1.0,0.0,True,R,True
F13L,True,True,5,4,9,0.5555555555555556,0.4444444444444444,False,U,True
F13S,True,True,3,5,8,0.375,0.625,False,U,True
F13V,True,True,0,3,3,0.0,1.0,True,S,True
F58C,True,True,1,0,1,1.0,0.0,False,U,True
F58L,True,True,14,13,27,0.5185185185185185,0.48148148148148145,False,U,True
F58S,True,True,1,0,1,1.0,0.0,False,U,True
F58V,True,True,0,3,3,0.0,1.0,True,S,True
F81C,True,True,2,0,2,1.0,0.0,True,R,True
F81S,True,True,0,4,4,0.0,1.0,True,S,True
F81V,True,True,3,3,6,0.5,0.5,False,U,True
F94C,True,True,17,2,19,0.8947368421052632,0.10526315789473684,True,R,True
F94L,True,True,17,6,23,0.7391304347826086,0.2608695652173913,False,U,True
F94S,True,True,7,0,7,1.0,0.0,True,R,True
F94V,True,True,0,1,1,0.0,1.0,False,U,True
G101R,True,True,0,1,1,0.0,1.0,False,U,True
G105D,True,True,7,0,7,1.0,0.0,True,R,True
G105R,True,True,1,0,1,1.0,0.0,False,U,True
G105V,True,True,5,0,5,1.0,0.0,True,R,True
G108E,True,True,1,0,1,1.0,0.0,False,U,True
G108R,True,True,9,1,10,0.9,0.1,True,R,True
G108V,True,True,1,0,1,1.0,0.0,False,U,True
G124D,True,True,0,2,2,0.0,1.0,True,S,True
G124S,True,True,0,1,1,0.0,1.0,False,U,True
G132A,True,True,9,2,11,0.8181818181818182,0.18181818181818182,True,R,True
G132C,True,True,3,0,3,1.0,0.0,True,R,True
G132D,True,True,5,0,5,1.0,0.0,True,R,True
G132R,True,True,1,0,1,1.0,0.0,False,U,True
G132S,True,True,12,0,12,1.0,0.0,True,R,True
G162D,True,True,8,0,8,1.0,0.0,True,R,True
G162R,True,True,1,0,1,1.0,0.0,False,U,True
G17A,True,True,1,0,1,1.0,0.0,False,U,True
G17C,True,True,0,1,1,0.0,1.0,False,U,True
G17D,True,True,3,1,4,0.75,0.25,True,R,True
G17R,True,True,1,0,1,1.0,0.0,False,U,True
G17S,True,True,0,3,3,0.0,1.0,True,S,True
G17V,True,True,0,1,1,0.0,1.0,False,U,True
G24D,True,True,7,1,8,0.875,0.125,True,R,True
G24V,True,True,0,1,1,0.0,1.0,False,U,True
G75V,True,True,0,1,1,0.0,1.0,False,U,True
G78C,True,True,2,1,3,0.6666666666666666,0.3333333333333333,False,U,True
G78D,True,True,1,0,1,1.0,0.0,False,U,True
G78S,True,True,1,2,3,0.3333333333333333,0.6666666666666666,False,U,True
G78V,True,True,1,0,1,1.0,0.0,False,U,True
G97A,True,True,1,0,1,1.0,0.0,False,U,True
G97C,True,True,11,1,12,0.9166666666666666,0.08333333333333333,True,R,True
G97D,True,True,67,8,75,0.8933333333333333,0.10666666666666667,True,R,True
G97R,True,True,8,0,8,1.0,0.0,True,R,True
G97S,True,True,18,1,19,0.9473684210526315,0.05263157894736842,True,R,True
G97V,True,True,4,0,4,1.0,0.0,True,R,True
H137C,True,True,2,4,6,0.3333333333333333,0.6666666666666666,False,U,True
H137D,True,True,1,0,1,1.0,0.0,False,U,True
H137N,True,True,1,1,2,0.5,0.5,False,U,True
H137P,True,True,3,0,3,1.0,0.0,True,R,True
H137Q,True,True,0,2,2,0.0,1.0,True,S,True
H137R,True,True,1,2,3,0.3333333333333333,0.6666666666666666,False,U,True
H137Y,True,True,0,1,1,0.0,1.0,False,U,True
H43D,True,True,0,1,1,0.0,1.0,False,U,True
H43P,True,True,3,0,3,1.0,0.0,True,R,True
H43Y,True,True,0,3,3,0.0,1.0,True,S,True
H51D,True,True,33,0,33,1.0,0.0,True,R,True
H51P,True,True,6,2,8,0.75,0.25,True,R,True
H51Q,True,True,14,2,16,0.875,0.125,True,R,True
H51R,True,True,69,14,83,0.8313253012048193,0.1686746987951807,True,R,True
H51Y,True,True,7,0,7,1.0,0.0,True,R,True
H57D,True,True,244,5,249,0.9799196787148594,0.020080321285140562,True,R,True
H57L,True,True,6,0,6,1.0,0.0,True,R,True
H57P,True,True,3,0,3,1.0,0.0,True,R,True
H57Q,True,True,2,0,2,1.0,0.0,True,R,True
H57R,True,True,59,1,60,0.9833333333333333,0.016666666666666666,True,R,True
H57Y,True,True,14,1,15,0.9333333333333333,0.06666666666666667,True,R,True
H71P,True,True,5,0,5,1.0,0.0,True,R,True
H71Q,True,True,4,0,4,1.0,0.0,True,R,True
H71R,True,True,17,8,25,0.68,0.32,False,U,True
H71Y,True,True,32,4,36,0.8888888888888888,0.1111111111111111,True,R,True
H82D,True,True,2,11,13,0.15384615384615385,0.8461538461538461,True,S,True
H82R,True,True,23,2,25,0.92,0.08,True,R,True
I133S,True,True,1,0,1,1.0,0.0,False,U,True
I133T,True,True,31,20,51,0.6078431372549019,0.39215686274509803,False,U,True
I31S,True,True,26,3,29,0.896551724137931,0.10344827586206896,True,R,True
I31T,True,True,12,10,22,0.5454545454545454,0.45454545454545453,False,U,True
I5S,True,True,4,1,5,0.8,0.2,True,R,True
I5T,True,True,1,3,4,0.25,0.75,True,S,True
I6L,True,True,16,367,383,0.04177545691906005,0.95822454308094,True,S,True
I6S,True,True,3,0,3,1.0,0.0,True,R,True
I6T,True,True,15,0,15,1.0,0.0,True,R,True
I6V,True,True,0,2,2,0.0,1.0,True,S,True
I90S,True,True,7,3,10,0.7,0.3,False,U,True
I90T,True,True,2,0,2,1.0,0.0,True,R,True
K48E,True,True,6,4,10,0.6,0.4,False,U,True
K48N,True,True,0,2,2,0.0,1.0,True,S,True
K48T,True,True,24,31,55,0.43636363636363634,0.5636363636363636,False,U,True
K96E,True,True,15,2,17,0.8823529411764706,0.11764705882352941,True,R,True
K96N,True,True,2,0,2,1.0,0.0,True,R,True
K96Q,True,True,3,2,5,0.6,0.4,False,U,True
K96R,True,True,11,3,14,0.7857142857142857,0.21428571428571427,True,R,True
K96T,True,True,24,0,24,1.0,0.0,True,R,True
L116P,True,True,8,6,14,0.5714285714285714,0.42857142857142855,False,U,True
L116R,True,True,4,0,4,1.0,0.0,True,R,True
L116V,True,True,0,1,1,0.0,1.0,False,U,True
L120P,True,True,18,0,18,1.0,0.0,True,R,True
L120Q,True,True,6,0,6,1.0,0.0,True,R,True
L120R,True,True,7,2,9,0.7777777777777778,0.2222222222222222,True,R,True
L151S,True,True,12,4,16,0.75,0.25,True,R,True
L151W,True,True,0,1,1,0.0,1.0,False,U,True
L156P,True,True,3,1,4,0.75,0.25,True,R,True
L159R,True,True,9,0,9,1.0,0.0,True,R,True
L159V,True,True,2,4,6,0.3333333333333333,0.6666666666666666,False,U,True
L172P,True,True,20,2,22,0.9090909090909091,0.09090909090909091,True,R,True
L172R,True,True,2,0,2,1.0,0.0,True,R,True
L182F,True,True,0,7,7,0.0,1.0,True,S,True
L182S,True,True,12,8,20,0.6,0.4,False,U,True
L182W,True,True,4,4,8,0.5,0.5,False,U,True
L19P,True,True,6,1,7,0.8571428571428571,0.14285714285714285,True,R,True
L27P,True,True,13,3,16,0.8125,0.1875,True,R,True
L27Q,True,True,0,1,1,0.0,1.0,False,U,True
L35P,True,True,10,8,18,0.5555555555555556,0.4444444444444444,False,U,True
L35R,True,True,2,29,31,0.06451612903225806,0.9354838709677419,True,S,True
L4S,True,True,39,9,48,0.8125,0.1875,True,R,True
L4W,True,True,8,3,11,0.7272727272727273,0.2727272727272727,False,U,True
L85P,True,True,12,2,14,0.8571428571428571,0.14285714285714285,True,R,True
L85R,True,True,16,2,18,0.8888888888888888,0.1111111111111111,True,R,True
M175I,True,True,23,7,30,0.7666666666666667,0.23333333333333334,True,R,True
M175R,True,True,1,0,1,1.0,0.0,False,U,True
M175T,True,True,4,0,4,1.0,0.0,True,R,True
M175V,True,True,26,6,32,0.8125,0.1875,True,R,True
M1I,True,True,1,3,4,0.25,0.75,True,S,True
M1K,True,True,1,0,1,1.0,0.0,False,U,True
M1R,True,True,1,0,1,1.0,0.0,False,U,True
M1T,True,True,7,0,7,1.0,0.0,True,R,True
N11D,True,True,0,1,1,0.0,1.0,False,U,True
N11S,True,True,1,1,2,0.5,0.5,False,U,True
P115L,True,True,0,2,2,0.0,1.0,True,S,True
P115S,True,True,0,1,1,0.0,1.0,False,U,True
P54A,True,True,1,2,3,0.3333333333333333,0.6666666666666666,False,U,True
P54L,True,True,33,8,41,0.8048780487804879,0.1951219512195122,True,R,True
P54Q,True,True,7,1,8,0.875,0.125,True,R,True
P54R,True,True,2,1,3,0.6666666666666666,0.3333333333333333,False,U,True
P54S,True,True,2,0,2,1.0,0.0,True,R,True
P62L,True,True,10,0,10,1.0,0.0,True,R,True
P62Q,True,True,1,0,1,1.0,0.0,False,U,True
P62R,True,True,3,0,3,1.0,0.0,True,R,True
P62S,True,True,2,4,6,0.3333333333333333,0.6666666666666666,False,U,True
P62T,True,True,4,0,4,1.0,0.0,True,R,True
P69L,True,True,7,1,8,0.875,0.125,True,R,True
P69R,True,True,1,1,2,0.5,0.5,False,U,True
P69S,True,True,0,5,5,0.0,1.0,True,S,True
P77L,True,True,0,1,1,0.0,1.0,False,U,True
Q10H,True,True,2,0,2,1.0,0.0,True,R,True
Q10K,True,True,2,0,2,1.0,0.0,True,R,True
Q10P,True,True,101,2,103,0.9805825242718447,0.019417475728155338,True,R,True
Q10R,True,True,95,9,104,0.9134615384615384,0.08653846153846154,True,R,True
Q122E,True,True,0,1,1,0.0,1.0,False,U,True
Q141P,True,True,47,1,48,0.9791666666666666,0.020833333333333332,True,R,True
R121P,True,True,1,2,3,0.3333333333333333,0.6666666666666666,False,U,True
R123P,True,True,2,0,2,1.0,0.0,True,R,True
R140H,True,True,1,2,3,0.3333333333333333,0.6666666666666666,False,U,True
R140P,True,True,3,0,3,1.0,0.0,True,R,True
R140S,True,True,0,1,1,0.0,1.0,False,U,True
R148S,True,True,0,1,1,0.0,1.0,False,U,True
R154G,True,True,18,11,29,0.6206896551724138,0.3793103448275862,False,U,True
R154S,True,True,0,6,6,0.0,1.0,True,S,True
R29C,True,True,0,1,1,0.0,1.0,False,U,True
R29P,True,True,0,2,2,0.0,1.0,True,S,True
R2L,True,True,0,1,1,0.0,1.0,False,U,True
R2P,True,True,0,1,1,0.0,1.0,False,U,True
R2Q,True,True,0,1,1,0.0,1.0,False,U,True
S104G,True,True,1,1,2,0.5,0.5,False,U,True
S104I,True,True,3,0,3,1.0,0.0,True,R,True
S104R,True,True,12,2,14,0.8571428571428571,0.14285714285714285,True,R,True
S104T,True,True,0,1,1,0.0,1.0,False,U,True
S164P,True,True,6,1,7,0.8571428571428571,0.14285714285714285,True,R,True
S179I,True,True,0,1,1,0.0,1.0,False,U,True
S18P,True,True,0,1,1,0.0,1.0,False,U,True
S32I,True,True,1,0,1,1.0,0.0,False,U,True
S59C,True,True,1,0,1,1.0,0.0,False,U,True
S59F,True,True,1,0,1,1.0,0.0,False,U,True
S59P,True,True,11,0,11,1.0,0.0,True,R,True
S65P,True,True,1,6,7,0.14285714285714285,0.8571428571428571,True,S,True
S66A,True,True,0,1,1,0.0,1.0,False,U,True
S66L,True,True,0,8,8,0.0,1.0,True,S,True
S66P,True,True,1,0,1,1.0,0.0,False,U,True
S67P,True,True,28,2,30,0.9333333333333333,0.06666666666666667,True,R,True
S67W,True,True,1,2,3,0.3333333333333333,0.6666666666666666,False,U,True
T100A,True,True,2,2,4,0.5,0.5,False,U,True
T100I,True,True,0,1,1,0.0,1.0,False,U,True
T100P,True,True,8,0,8,1.0,0.0,True,R,True
T114M,True,True,0,16,16,0.0,1.0,True,S,True
T114P,True,True,2,0,2,1.0,0.0,True,R,True
T135A,True,True,0,1,1,0.0,1.0,False,U,True
T135I,True,True,0,2,2,0.0,1.0,True,S,True
T135N,True,True,3,0,3,1.0,0.0,True,R,True
T135P,True,True,72,4,76,0.9473684210526315,0.05263157894736842,True,R,True
T135S,True,True,0,3,3,0.0,1.0,True,S,True
T142A,True,True,25,3,28,0.8928571428571429,0.10714285714285714,True,R,True
T142K,True,True,3,0,3,1.0,0.0,True,R,True
T142M,True,True,11,1,12,0.9166666666666666,0.08333333333333333,True,R,True
T142P,True,True,1,0,1,1.0,0.0,False,U,True
T153P,True,True,0,1,1,0.0,1.0,False,U,True
T160A,True,True,2,1,3,0.6666666666666666,0.3333333333333333,False,U,True
T160K,True,True,1,0,1,1.0,0.0,False,U,True
T160P,True,True,18,0,18,1.0,0.0,True,R,True
T160R,True,True,3,0,3,1.0,0.0,True,R,True
T167I,True,True,0,2,2,0.0,1.0,True,S,True
T167P,True,True,0,1,1,0.0,1.0,False,U,True
T168I,True,True,0,9,9,0.0,1.0,True,S,True
T168P,True,True,3,0,3,1.0,0.0,True,R,True
T168S,True,True,0,2,2,0.0,1.0,True,S,True
T177P,True,True,6,3,9,0.6666666666666666,0.3333333333333333,False,U,True
T47A,True,True,25,51,76,0.32894736842105265,0.6710526315789473,False,U,True
T47I,True,True,0,4,4,0.0,1.0,True,S,True
T47N,True,True,2,1,3,0.6666666666666666,0.3333333333333333,False,U,True
T47P,True,True,4,0,4,1.0,0.0,True,R,True
T61P,True,True,0,1,1,0.0,1.0,False,U,True
T76A,True,True,0,1,1,0.0,1.0,False,U,True
T76I,True,True,3,0,3,1.0,0.0,True,R,True
T76P,True,True,45,7,52,0.8653846153846154,0.1346153846153846,True,R,True
T87M,True,True,0,19,19,0.0,1.0,True,S,True
V109G,True,True,0,4,4,0.0,1.0,True,S,True
V125F,True,True,7,8,15,0.4666666666666667,0.5333333333333333,False,U,True
V125G,True,True,6,0,6,1.0,0.0,True,R,True
V125I,True,True,0,2,2,0.0,1.0,True,S,True
V128F,True,True,0,1,1,0.0,1.0,False,U,True
V128G,True,True,21,4,25,0.84,0.16,True,R,True
V128I,True,True,0,1,1,0.0,1.0,False,U,True
V128L,True,True,0,1,1,0.0,1.0,False,U,True
V130A,True,True,5,1,6,0.8333333333333334,0.16666666666666666,True,R,True
V130G,True,True,7,0,7,1.0,0.0,True,R,True
V131F,True,True,4,0,4,1.0,0.0,True,R,True
V131G,True,True,2,0,2,1.0,0.0,True,R,True
V139A,True,True,40,19,59,0.6779661016949152,0.3220338983050847,False,U,True
V139G,True,True,10,2,12,0.8333333333333334,0.16666666666666666,True,R,True
V139L,True,True,6,3,9,0.6666666666666666,0.3333333333333333,False,U,True
V139M,True,True,1,0,1,1.0,0.0,False,U,True
V155A,True,True,3,5,8,0.375,0.625,False,U,True
V155G,True,True,13,1,14,0.9285714285714286,0.07142857142857142,True,R,True
V155L,True,True,0,1,1,0.0,1.0,False,U,True
V155M,True,True,7,1,8,0.875,0.125,True,R,True
V157A,True,True,2,0,2,1.0,0.0,True,R,True
V157G,True,True,5,1,6,0.8333333333333334,0.16666666666666666,True,R,True
V157L,True,True,0,2,2,0.0,1.0,True,S,True
V163A,True,True,1,3,4,0.25,0.75,True,S,True
V163G,True,True,1,1,2,0.5,0.5,False,U,True
V163L,True,True,0,1,1,0.0,1.0,False,U,True
V180A,True,True,4,0,4,1.0,0.0,True,R,True
V180F,True,True,11,0,11,1.0,0.0,True,R,True
V180G,True,True,14,0,14,1.0,0.0,True,R,True
V180L,True,True,1,0,1,1.0,0.0,False,U,True
V183L,True,True,0,1,1,0.0,1.0,False,U,True
V21A,True,True,2,12,14,0.14285714285714285,0.8571428571428571,True,S,True
V21G,True,True,5,1,6,0.8333333333333334,0.16666666666666666,True,R,True
V44G,True,True,5,1,6,0.8333333333333334,0.16666666666666666,True,R,True
V45A,True,True,2,3,5,0.4,0.6,False,U,True
V45M,True,True,0,4,4,0.0,1.0,True,S,True
V7A,True,True,4,1,5,0.8,0.2,True,R,True
V7F,True,True,4,1,5,0.8,0.2,True,R,True
V7G,True,True,39,3,42,0.9285714285714286,0.07142857142857142,True,R,True
V7I,True,True,1,0,1,1.0,0.0,False,U,True
V7L,True,True,11,1,12,0.9166666666666666,0.08333333333333333,True,R,True
V93A,True,True,1,2,3,0.3333333333333333,0.6666666666666666,False,U,True
V93L,True,True,0,1,1,0.0,1.0,False,U,True
V93M,True,True,0,1,1,0.0,1.0,False,U,True
V9G,True,True,6,2,8,0.75,0.25,True,R,True
W119C,True,True,6,1,7,0.8571428571428571,0.14285714285714285,True,R,True
W119G,True,True,3,0,3,1.0,0.0,True,R,True
W119L,True,True,3,3,6,0.5,0.5,False,U,True
W119R,True,True,5,2,7,0.7142857142857143,0.2857142857142857,False,U,True
W119S,True,True,3,0,3,1.0,0.0,True,R,True
W68C,True,True,23,0,23,1.0,0.0,True,R,True
W68G,True,True,36,2,38,0.9473684210526315,0.05263157894736842,True,R,True
W68L,True,True,2,0,2,1.0,0.0,True,R,True
W68R,True,True,21,2,23,0.9130434782608695,0.08695652173913043,True,R,True
W68S,True,True,2,0,2,1.0,0.0,True,R,True
Y103C,True,True,8,7,15,0.5333333333333333,0.4666666666666667,False,U,True
Y103D,True,True,4,0,4,1.0,0.0,True,R,True
Y103H,True,True,5,0,5,1.0,0.0,True,R,True
Y103S,True,True,2,0,2,1.0,0.0,True,R,True
Y34C,True,True,1,0,1,1.0,0.0,False,U,True
Y34D,True,True,11,2,13,0.8461538461538461,0.15384615384615385,True,R,True
Y34S,True,True,0,1,1,0.0,1.0,False,U,True
Y41C,True,True,0,1,1,0.0,1.0,False,U,True
Y64D,True,True,2,4,6,0.3333333333333333,0.6666666666666666,False,U,True
Y64S,True,True,1,2,3,0.3333333333333333,0.6666666666666666,False,U,True
Y95D,True,True,1,0,1,1.0,0.0,False,U,True
Y99C,True,True,0,1,1,0.0,1.0,False,U,True
