MUTATION,CONSISTENT_PHENOTYPE,mic,source
V7G,R,800,CDC
D8N,R,800,CDC
Q10R,R,800,CDC
Q10P,R,>100,EXIT-RIF
F13C,S,75-100,EXIT-RIF
C14R,R,>100,EXIT-RIF
C14G,R,800,CDC
L19P,R,800,CDC
I31N,R,>100,EXIT-RIF
I31S,R,>100,EXIT-RIF
Y34D,R,>100,EXIT-RIF
L35R,S,75-100,EXIT-RIF
T47A,R,200,CDC
D49E,R,200,CDC
H51R,R,800,CDC
H51P,R,>100,EXIT-RIF
H51Y,R,800,CDC
P54L,R,600,CDC
H57D,R,800,CDC
F58L,R,800,CDC
F58S,R,>100,EXIT-RIF
S59P,R,800,CDC
P62L,R,>100,EXIT-RIF
D63A,R,300-400,CDC
S66P,R,>100,EXIT-RIF
W68R,R,>100,EXIT-RIF
W68G,R,>100,EXIT-RIF
W68S,R,800,CDC
H71Y,R,>100,EXIT-RIF
C72G,S,0,EXIT-RIF
F81S,S,100,CDC
G97C,R,>100,EXIT-RIF
T100P,R,>100,EXIT-RIF
Y103H,R,>100,EXIT-RIF
S104R,R,>100,EXIT-RIF
F106S,R,800,CDC
G108R,R,>100,EXIT-RIF
T114M,S,0-25,EXIT-RIF
L120R,R,800,CDC
L120P,R,>100,EXIT-RIF
V130A,S,0-25,EXIT-RIF
V130G,R,800,CDC
G132S,R,>100,EXIT-RIF
A134D,R,>100,EXIT-RIF
A134V,R,>100,EXIT-RIF
T135P,R,>100,EXIT-RIF
V139A,R,>100,EXIT-RIF
V139G,R,>100,EXIT-RIF
R140P,S,100,CDC
Q141P,R,800,CDC
T142A,R,600-800,CDC
T142M,R,800,CDC
A146E,R,800,CDC
R154G,R,600-800,CDC
L156P,R,200-300,CDC
L172P,R,800,CDC
L182S,R,>100,EXIT-RIF
