MUTATION,YADON_PHENOTYPE,WHO_PHENOTYPE,NEJM_PHENOTYPE,CONSISTENT_PHENOTYPE,IN_CDS,IS_SNP,IS_NONSYN,IS_MISSENSE
A102V,S,,,S,True,True,True,True
A134D,,,S,S,True,True,True,True
A134P,R,,R,R,True,True,True,True
A134S,S,,,S,True,True,True,True
A134V,R,R,R,R,True,True,True,True
A143D,R,,R,R,True,True,True,True
A143G,,R,,R,True,True,True,True
A143V,,,S,S,True,True,True,True
A146E,R,,R,R,True,True,True,True
A146S,R,,R,R,True,True,True,True
A146V,R,R,R,R,True,True,True,True
A152P,S,,,S,True,True,True,True
A152S,S,,,S,True,True,True,True
A152V,R,,R,R,True,True,True,True
A161E,S,,,S,True,True,True,True
A161P,R,,R,R,True,True,True,True
A161S,S,,,S,True,True,True,True
A161T,S,,,S,True,True,True,True
A165D,R,,R,R,True,True,True,True
A170S,R,,R,R,True,True,True,True
A170V,R,,R,R,True,True,True,True
A171E,R,R,R,R,True,True,True,True
A171T,R,,R,R,True,True,True,True
A171V,S,S,,S,True,True,True,True
A178D,S,,,S,True,True,True,True
A178V,S,,,S,True,True,True,True
A20E,S,,,S,True,True,True,True
A20S,S,,,S,True,True,True,True
A20T,S,,,S,True,True,True,True
A25T,S,,,S,True,True,True,True
A25V,S,,,S,True,True,True,True
A26P,S,,,S,True,True,True,True
A26T,S,,,S,True,True,True,True
A26V,R,,R,R,True,True,True,True
A28G,S,,,S,True,True,True,True
A28P,S,,,S,True,True,True,True
A28S,R,,R,R,True,True,True,True
A28V,S,,,S,True,True,True,True
A30D,S,,,S,True,True,True,True
A30P,R,,R,R,True,True,True,True
A30S,,,R,R,True,True,True,True
A30T,S,,,S,True,True,True,True
A30V,R,,R,R,True,True,True,True
A36D,R,,R,R,True,True,True,True
A36S,R,,R,R,True,True,True,True
A36V,S,,,S,True,True,True,True
A38G,R,,R,R,True,True,True,True
A38S,,,R,R,True,True,True,True
A38T,S,,,S,True,True,True,True
A38V,S,,,S,True,True,True,True
A39E,S,,,S,True,True,True,True
A39G,S,,,S,True,True,True,True
A39S,S,,,S,True,True,True,True
A39T,S,,,S,True,True,True,True
A3E,R,R,R,R,True,True,True,True
A3S,S,,,S,True,True,True,True
A3V,S,,,S,True,True,True,True
A46E,R,R,R,R,True,True,True,True
A46P,R,,R,R,True,True,True,True
A46S,S,,,S,True,True,True,True
A46V,R,R,R,R,True,True,True,True
A79P,R,,R,R,True,True,True,True
A79S,S,,,S,True,True,True,True
A79T,,S,S,S,True,True,True,True
A79V,,S,,S,True,True,True,True
A89P,S,,,S,True,True,True,True
A89S,S,,,S,True,True,True,True
A89V,R,,R,R,True,True,True,True
A92E,R,,R,R,True,True,True,True
A92S,S,,,S,True,True,True,True
A98D,S,,,S,True,True,True,True
C138F,R,,R,R,True,True,True,True
C138G,R,,R,R,True,True,True,True
C138R,R,R,R,R,True,True,True,True
C138S,R,,R,R,True,True,True,True
C138Y,R,,R,R,True,True,True,True
C14R,R,R,R,R,True,True,True,True
C14W,R,,R,R,True,True,True,True
C14Y,R,,R,R,True,True,True,True
C184R,R,,R,R,True,True,True,True
C184Y,S,,,S,True,True,True,True
C72F,R,,R,R,True,True,True,True
C72R,R,R,R,R,True,True,True,True
C72S,S,,,S,True,True,True,True
C72W,R,,R,R,True,True,True,True
C72Y,R,R,R,R,True,True,True,True
D110E,R,,R,R,True,True,True,True
D110G,S,,,S,True,True,True,True
D110H,R,,R,R,True,True,True,True
D110N,R,,R,R,True,True,True,True
D110V,S,,,S,True,True,True,True
D110Y,S,,,S,True,True,True,True
D126H,S,,,S,True,True,True,True
D126N,S,,,S,True,True,True,True
D126V,S,,,S,True,True,True,True
D126Y,S,,,S,True,True,True,True
D129E,R,,R,R,True,True,True,True
D129V,S,,,S,True,True,True,True
D129Y,S,,,S,True,True,True,True
D12A,,R,R,R,True,True,True,True
D12E,R,R,R,R,True,True,True,True
D12G,R,R,R,R,True,True,True,True
D12H,R,,R,R,True,True,True,True
D12N,R,R,R,R,True,True,True,True
D12Y,R,,R,R,True,True,True,True
D136E,S,,,S,True,True,True,True
D136H,R,,R,R,True,True,True,True
D136V,R,,R,R,True,True,True,True
D136Y,R,,R,R,True,True,True,True
D145E,R,,R,R,True,True,True,True
D145G,S,,,S,True,True,True,True
D145N,S,,,S,True,True,True,True
D158E,S,,,S,True,True,True,True
D158G,R,,R,R,True,True,True,True
D158N,S,,,S,True,True,True,True
D166H,S,,,S,True,True,True,True
D166V,,,R,R,True,True,True,True
D33A,S,,,S,True,True,True,True
D33E,S,,,S,True,True,True,True
D33N,S,,,S,True,True,True,True
D33V,S,,,S,True,True,True,True
D33Y,S,,,S,True,True,True,True
D40E,S,,,S,True,True,True,True
D49A,,R,,R,True,True,True,True
D49E,R,R,R,R,True,True,True,True
D49G,R,R,R,R,True,True,True,True
D49H,R,,R,R,True,True,True,True
D49N,R,R,R,R,True,True,True,True
D49V,R,,R,R,True,True,True,True
D49Y,R,,R,R,True,True,True,True
D53N,S,,,S,True,True,True,True
D56A,S,,,S,True,True,True,True
D56E,S,,,S,True,True,True,True
D56N,S,,,S,True,True,True,True
D63E,R,,R,R,True,True,True,True
D63G,R,R,R,R,True,True,True,True
D63H,R,,R,R,True,True,True,True
D63N,S,,,S,True,True,True,True
D63Y,R,,R,R,True,True,True,True
D80E,S,,,S,True,True,True,True
D80G,S,,,S,True,True,True,True
D80H,R,,R,R,True,True,True,True
D80N,S,,,S,True,True,True,True
D80V,S,,,S,True,True,True,True
D80Y,S,,,S,True,True,True,True
D86E,S,,,S,True,True,True,True
D86G,S,,,S,True,True,True,True
D86N,S,,,S,True,True,True,True
D86V,R,,R,R,True,True,True,True
D8A,R,R,R,R,True,True,True,True
D8E,R,R,R,R,True,True,True,True
D8G,R,R,R,R,True,True,True,True
D8H,R,,R,R,True,True,True,True
D8N,R,R,R,R,True,True,True,True
D8V,R,,R,R,True,True,True,True
D8Y,R,,R,R,True,True,True,True
E107D,S,,,S,True,True,True,True
E107G,S,,,S,True,True,True,True
E107K,S,,,S,True,True,True,True
E107Q,S,,,S,True,True,True,True
E111A,S,,,S,True,True,True,True
E111D,S,,,S,True,True,True,True
E111G,S,,,S,True,True,True,True
E111K,S,,,S,True,True,True,True
E127D,R,,R,R,True,True,True,True
E127G,S,,,S,True,True,True,True
E127K,S,,,S,True,True,True,True
E144D,S,,,S,True,True,True,True
E144G,S,,,S,True,True,True,True
E144K,S,,,S,True,True,True,True
E144V,S,,,S,True,True,True,True
E15D,S,,,S,True,True,True,True
E15G,,S,,S,True,True,True,True
E15K,S,,,S,True,True,True,True
E15Q,S,,,S,True,True,True,True
E173D,S,,,S,True,True,True,True
E173G,R,,R,R,True,True,True,True
E173K,S,,,S,True,True,True,True
E173V,S,,,S,True,True,True,True
E174G,R,,R,R,True,True,True,True
E174K,R,,R,R,True,True,True,True
E174V,S,,,S,True,True,True,True
E181D,S,,,S,True,True,True,True
E181K,R,,R,R,True,True,True,True
E37D,S,,,S,True,True,True,True
E37V,,,S,S,True,True,True,True
E91D,S,,,S,True,True,True,True
F106L,S,,,S,True,True,True,True
F106S,R,R,R,R,True,True,True,True
F106Y,R,,R,R,True,True,True,True
F13I,R,R,R,R,True,True,True,True
F13V,R,,R,R,True,True,True,True
F13Y,R,,R,R,True,True,True,True
F50Y,S,,,S,True,True,True,True
F58I,R,,R,R,True,True,True,True
F58L,R,R,R,R,True,True,True,True
F58S,R,,R,R,True,True,True,True
F58Y,S,,,S,True,True,True,True
F81L,S,,,S,True,True,True,True
F81S,R,,R,R,True,True,True,True
F81V,,R,R,R,True,True,True,True
F81Y,S,,,S,True,True,True,True
F94C,R,R,R,R,True,True,True,True
F94L,,R,R,R,True,True,True,True
F94S,R,R,R,R,True,True,True,True
G101E,R,,R,R,True,True,True,True
G101R,S,,,S,True,True,True,True
G105A,S,,,S,True,True,True,True
G105D,R,R,R,R,True,True,True,True
G105R,R,,R,R,True,True,True,True
G105S,S,,,S,True,True,True,True
G105V,R,R,R,R,True,True,True,True
G108E,R,,R,R,True,True,True,True
G108R,R,R,R,R,True,True,True,True
G113A,S,,,S,True,True,True,True
G113R,S,,,S,True,True,True,True
G113S,S,,,S,True,True,True,True
G113V,S,,,S,True,True,True,True
G124A,S,,,S,True,True,True,True
G124C,S,,,S,True,True,True,True
G124D,S,,,S,True,True,True,True
G124S,R,,R,R,True,True,True,True
G132A,R,R,R,R,True,True,True,True
G132C,R,,R,R,True,True,True,True
G132D,R,R,R,R,True,True,True,True
G132R,R,,R,R,True,True,True,True
G132S,R,R,R,R,True,True,True,True
G132V,R,,R,R,True,True,True,True
G162A,R,,R,R,True,True,True,True
G162C,S,,,S,True,True,True,True
G162D,R,R,R,R,True,True,True,True
G162V,R,,R,R,True,True,True,True
G16R,R,,R,R,True,True,True,True
G16S,S,,,S,True,True,True,True
G16V,R,,R,R,True,True,True,True
G17C,R,,R,R,True,True,True,True
G17D,R,R,R,R,True,True,True,True
G17S,S,,S,S,True,True,True,True
G17V,S,,,S,True,True,True,True
G23A,S,,,S,True,True,True,True
G23R,S,,,S,True,True,True,True
G23S,S,,,S,True,True,True,True
G23V,R,,R,R,True,True,True,True
G24D,R,R,R,R,True,True,True,True
G24V,R,,R,R,True,True,True,True
G55C,R,,R,R,True,True,True,True
G55V,S,,,S,True,True,True,True
G60C,S,,,S,True,True,True,True
G60D,S,,,S,True,True,True,True
G60R,S,,,S,True,True,True,True
G60S,S,,,S,True,True,True,True
G60V,S,,,S,True,True,True,True
G75C,S,,,S,True,True,True,True
G75D,S,,,S,True,True,True,True
G75V,R,,R,R,True,True,True,True
G78C,R,,R,R,True,True,True,True
G78D,R,,R,R,True,True,True,True
G78S,S,,,S,True,True,True,True
G78V,R,,R,R,True,True,True,True
G97C,R,R,R,R,True,True,True,True
G97D,R,R,R,R,True,True,True,True
G97R,,R,R,R,True,True,True,True
G97S,R,R,R,R,True,True,True,True
G97V,,R,,R,True,True,True,True
H137D,R,,R,R,True,True,True,True
H137P,R,,R,R,True,True,True,True
H137Q,S,,,S,True,True,True,True
H42L,S,,,S,True,True,True,True
H42N,R,,R,R,True,True,True,True
H42Q,R,,R,R,True,True,True,True
H42R,S,,,S,True,True,True,True
H43D,S,,,S,True,True,True,True
H43L,S,,,S,True,True,True,True
H43P,R,,R,R,True,True,True,True
H43Q,R,,R,R,True,True,True,True
H43R,S,,,S,True,True,True,True
H43Y,S,,,S,True,True,True,True
H51D,R,R,R,R,True,True,True,True
H51L,R,,R,R,True,True,True,True
H51N,R,,R,R,True,True,True,True
H51P,,R,,R,True,True,True,True
H51Q,,R,R,R,True,True,True,True
H51R,R,R,R,R,True,True,True,True
H51Y,R,R,R,R,True,True,True,True
H57D,R,R,R,R,True,True,True,True
H57L,R,,R,R,True,True,True,True
H57N,R,,R,R,True,True,True,True
H57P,R,,R,R,True,True,True,True
H57Q,R,,R,R,True,True,True,True
H57R,R,R,R,R,True,True,True,True
H57Y,R,R,R,R,True,True,True,True
H71D,,R,R,R,True,True,True,True
H71L,R,,R,R,True,True,True,True
H71N,R,,R,R,True,True,True,True
H71P,,R,,R,True,True,True,True
H71Q,R,,R,R,True,True,True,True
H71R,R,R,R,R,True,True,True,True
H71Y,R,R,R,R,True,True,True,True
H82D,,,S,S,True,True,True,True
H82L,R,,R,R,True,True,True,True
H82Q,S,,,S,True,True,True,True
H82R,R,R,R,R,True,True,True,True
I133F,R,,R,R,True,True,True,True
I133M,S,,,S,True,True,True,True
I133N,R,,R,R,True,True,True,True
I133T,,R,R,R,True,True,True,True
I133V,S,,,S,True,True,True,True
I31F,R,,R,R,True,True,True,True
I31N,R,,R,R,True,True,True,True
I31S,,R,,R,True,True,True,True
I31T,R,,R,R,True,True,True,True
I52L,S,,,S,True,True,True,True
I52M,S,,,S,True,True,True,True
I52N,S,,,S,True,True,True,True
I52T,R,,R,R,True,True,True,True
I5F,R,,R,R,True,True,True,True
I5M,R,,R,R,True,True,True,True
I5N,R,,R,R,True,True,True,True
I5S,,R,,R,True,True,True,True
I5T,R,,R,R,True,True,True,True
I5V,S,,,S,True,True,True,True
I6F,R,,R,R,True,True,True,True
I6L,,S,,S,True,True,True,True
I6M,R,,R,R,True,True,True,True
I6T,R,R,R,R,True,True,True,True
I90F,S,,,S,True,True,True,True
I90S,,R,,R,True,True,True,True
I90T,,R,,R,True,True,True,True
I90V,S,,,S,True,True,True,True
K48E,R,R,R,R,True,True,True,True
K48Q,S,,,S,True,True,True,True
K48T,R,R,R,R,True,True,True,True
K96E,R,R,R,R,True,True,True,True
K96M,R,,R,R,True,True,True,True
K96N,R,,R,R,True,True,True,True
K96Q,R,R,R,R,True,True,True,True
K96R,R,R,R,R,True,True,True,True
K96T,R,R,R,R,True,True,True,True
L116P,,R,R,R,True,True,True,True
L116Q,R,,R,R,True,True,True,True
L116R,R,R,R,R,True,True,True,True
L117P,S,,,S,True,True,True,True
L117Q,R,,R,R,True,True,True,True
L117V,S,,,S,True,True,True,True
L120M,S,,,S,True,True,True,True
L120P,R,R,R,R,True,True,True,True
L120Q,R,R,R,R,True,True,True,True
L120R,,R,,R,True,True,True,True
L120V,S,,,S,True,True,True,True
L151F,S,,,S,True,True,True,True
L151M,S,,,S,True,True,True,True
L151S,R,R,R,R,True,True,True,True
L156M,S,,,S,True,True,True,True
L156P,R,,R,R,True,True,True,True
L156R,R,,R,R,True,True,True,True
L159P,R,,R,R,True,True,True,True
L159Q,R,,R,R,True,True,True,True
L159V,R,,R,R,True,True,True,True
L172P,R,R,R,R,True,True,True,True
L172Q,S,,,S,True,True,True,True
L172R,,R,,R,True,True,True,True
L182M,S,,,S,True,True,True,True
L182W,,R,,R,True,True,True,True
L19P,R,R,R,R,True,True,True,True
L19Q,R,,R,R,True,True,True,True
L19V,S,,,S,True,True,True,True
L27P,R,R,R,R,True,True,True,True
L27Q,R,,R,R,True,True,True,True
L27V,S,,,S,True,True,True,True
L35P,R,,R,R,True,True,True,True
L35Q,S,,,S,True,True,True,True
L35R,,S,S,S,True,True,True,True
L35V,S,,,S,True,True,True,True
L4F,R,,R,R,True,True,True,True
L4M,S,,,S,True,True,True,True
L4S,R,R,R,R,True,True,True,True
L4V,,,R,R,True,True,True,True
L4W,R,R,R,R,True,True,True,True
L85P,R,R,R,R,True,True,True,True
L85Q,R,,R,R,True,True,True,True
L85R,R,R,R,R,True,True,True,True
L85V,S,,,S,True,True,True,True
M175I,R,,R,R,True,True,True,True
M175K,R,,R,R,True,True,True,True
M175L,S,,,S,True,True,True,True
M175T,R,R,R,R,True,True,True,True
M175V,R,R,R,R,True,True,True,True
M1L,R,,R,R,True,True,True,True
M1T,,R,,R,True,True,True,True
M1V,S,,,S,True,True,True,True
N112D,S,,,S,True,True,True,True
N112H,S,,,S,True,True,True,True
N112K,S,,,S,True,True,True,True
N112S,R,,R,R,True,True,True,True
N112Y,S,,,S,True,True,True,True
N118I,S,,,S,True,True,True,True
N118Y,R,,R,R,True,True,True,True
N11H,S,,,S,True,True,True,True
N11I,S,,,S,True,True,True,True
N11S,S,,,S,True,True,True,True
N11T,R,,R,R,True,True,True,True
N11Y,S,,,S,True,True,True,True
N149D,S,,,S,True,True,True,True
N149H,S,,,S,True,True,True,True
N149I,R,,R,R,True,True,True,True
N149K,S,,,S,True,True,True,True
N149S,S,,,S,True,True,True,True
N149Y,R,,R,R,True,True,True,True
P115A,R,,R,R,True,True,True,True
P115L,S,,,S,True,True,True,True
P115R,R,,R,R,True,True,True,True
P115S,S,,,S,True,True,True,True
P115T,S,,,S,True,True,True,True
P54L,R,R,R,R,True,True,True,True
P54Q,R,R,R,R,True,True,True,True
P54R,R,,R,R,True,True,True,True
P54S,R,,R,R,True,True,True,True
P54T,R,,R,R,True,True,True,True
P62A,R,,R,R,True,True,True,True
P62L,R,R,R,R,True,True,True,True
P62Q,R,,R,R,True,True,True,True
P62R,R,,R,R,True,True,True,True
P62S,R,R,R,R,True,True,True,True
P62T,,R,,R,True,True,True,True
P69L,R,R,R,R,True,True,True,True
P69Q,R,,R,R,True,True,True,True
P70A,,,R,R,True,True,True,True
P70Q,S,,,S,True,True,True,True
P70S,R,,R,R,True,True,True,True
P70T,S,,,S,True,True,True,True
P77L,S,,S,S,True,True,True,True
P77S,R,,R,R,True,True,True,True
P77T,S,,,S,True,True,True,True
P83R,S,,,S,True,True,True,True
P83S,S,,,S,True,True,True,True
P83T,S,,,S,True,True,True,True
Q10E,R,,R,R,True,True,True,True
Q10H,R,R,R,R,True,True,True,True
Q10L,R,,R,R,True,True,True,True
Q10P,,R,R,R,True,True,True,True
Q10R,R,R,R,R,True,True,True,True
Q122H,S,,,S,True,True,True,True
Q122K,R,,R,R,True,True,True,True
Q122L,S,,,S,True,True,True,True
Q141E,S,,,S,True,True,True,True
Q141K,S,,,S,True,True,True,True
Q141L,S,,,S,True,True,True,True
Q141P,,R,R,R,True,True,True,True
Q141R,S,,,S,True,True,True,True
R121G,S,,,S,True,True,True,True
R121L,S,,,S,True,True,True,True
R121Q,,,S,S,True,True,True,True
R123C,S,,,S,True,True,True,True
R123G,S,,,S,True,True,True,True
R123H,S,,,S,True,True,True,True
R123L,S,,,S,True,True,True,True
R123P,,,R,R,True,True,True,True
R123S,R,,R,R,True,True,True,True
R140L,S,,,S,True,True,True,True
R140P,R,,R,R,True,True,True,True
R140S,S,,,S,True,True,True,True
R148L,S,,,S,True,True,True,True
R148S,S,,,S,True,True,True,True
R154G,,R,,R,True,True,True,True
R154M,R,,R,R,True,True,True,True
R154S,S,,,S,True,True,True,True
R154T,S,,,S,True,True,True,True
R176G,S,,,S,True,True,True,True
R176P,R,,R,R,True,True,True,True
R176S,S,,,S,True,True,True,True
R29C,R,,R,R,True,True,True,True
R29G,S,,,S,True,True,True,True
R29P,S,,,S,True,True,True,True
R29S,S,,,S,True,True,True,True
R2Q,S,,,S,True,True,True,True
S104C,R,,R,R,True,True,True,True
S104G,,,R,R,True,True,True,True
S104I,,R,,R,True,True,True,True
S104R,R,R,R,R,True,True,True,True
S164P,R,R,R,R,True,True,True,True
S164T,,,R,R,True,True,True,True
S179C,S,,,S,True,True,True,True
S179I,S,,,S,True,True,True,True
S179N,R,,R,R,True,True,True,True
S179R,S,,,S,True,True,True,True
S185C,S,,,S,True,True,True,True
S185G,S,,,S,True,True,True,True
S185I,S,,,S,True,True,True,True
S185N,S,,,S,True,True,True,True
S185R,S,,,S,True,True,True,True
S185T,S,,,S,True,True,True,True
S18L,R,,R,R,True,True,True,True
S18P,S,,S,S,True,True,True,True
S18T,,,R,R,True,True,True,True
S32G,S,,,S,True,True,True,True
S32I,R,,R,R,True,True,True,True
S32N,R,,R,R,True,True,True,True
S32R,S,,,S,True,True,True,True
S32T,S,,,S,True,True,True,True
S59F,R,,R,R,True,True,True,True
S59P,R,R,R,R,True,True,True,True
S59T,S,,,S,True,True,True,True
S65C,S,,,S,True,True,True,True
S65F,R,,R,R,True,True,True,True
S66L,S,S,S,S,True,True,True,True
S66P,,,R,R,True,True,True,True
S66T,S,,,S,True,True,True,True
S67L,S,,,S,True,True,True,True
S67P,R,R,R,R,True,True,True,True
S67T,S,,,S,True,True,True,True
S67W,S,,,S,True,True,True,True
S74C,S,,,S,True,True,True,True
S74G,S,,,S,True,True,True,True
S74I,S,,,S,True,True,True,True
S74R,S,,,S,True,True,True,True
S84C,S,,,S,True,True,True,True
S84G,S,,,S,True,True,True,True
S84I,S,,,S,True,True,True,True
S84N,S,,,S,True,True,True,True
S84R,S,,,S,True,True,True,True
S88A,S,,,S,True,True,True,True
S88L,S,,,S,True,True,True,True
S88P,S,,,S,True,True,True,True
S88T,R,,R,R,True,True,True,True
T100A,S,,,S,True,True,True,True
T100S,S,,,S,True,True,True,True
T114A,R,,R,R,True,True,True,True
T114M,S,S,S,S,True,True,True,True
T114P,,,R,R,True,True,True,True
T135I,R,,R,R,True,True,True,True
T135N,R,R,R,R,True,True,True,True
T135P,R,R,R,R,True,True,True,True
T135S,R,,R,R,True,True,True,True
T142A,,R,R,R,True,True,True,True
T142K,R,R,R,R,True,True,True,True
T142M,R,R,R,R,True,True,True,True
T142R,R,,R,R,True,True,True,True
T153A,S,,,S,True,True,True,True
T153N,R,,R,R,True,True,True,True
T153S,S,,,S,True,True,True,True
T160I,S,,,S,True,True,True,True
T160K,R,,R,R,True,True,True,True
T160P,,R,R,R,True,True,True,True
T160R,R,,R,R,True,True,True,True
T160S,S,,,S,True,True,True,True
T167A,S,,,S,True,True,True,True
T168A,S,,,S,True,True,True,True
T168I,,S,S,S,True,True,True,True
T168P,,R,R,R,True,True,True,True
T177I,S,,,S,True,True,True,True
T177N,S,,,S,True,True,True,True
T177P,,R,,R,True,True,True,True
T177S,S,,,S,True,True,True,True
T22A,S,,,S,True,True,True,True
T22I,R,,R,R,True,True,True,True
T22S,S,,,S,True,True,True,True
T47A,,R,R,R,True,True,True,True
T47P,,R,,R,True,True,True,True
T47S,R,,R,R,True,True,True,True
T61A,S,,,S,True,True,True,True
T61K,S,,,S,True,True,True,True
T76I,R,R,R,R,True,True,True,True
T76P,,R,R,R,True,True,True,True
T76S,R,,R,R,True,True,True,True
T87M,,S,S,S,True,True,True,True
T87R,S,,,S,True,True,True,True
V109D,S,,,S,True,True,True,True
V109F,S,,,S,True,True,True,True
V109G,S,,,S,True,True,True,True
V109L,R,,R,R,True,True,True,True
V125A,R,,R,R,True,True,True,True
V125D,R,,R,R,True,True,True,True
V125F,,R,R,R,True,True,True,True
V125I,S,,,S,True,True,True,True
V125L,S,,,S,True,True,True,True
V128A,R,,R,R,True,True,True,True
V128D,R,,R,R,True,True,True,True
V128G,,R,R,R,True,True,True,True
V128I,S,,,S,True,True,True,True
V130E,R,,R,R,True,True,True,True
V130G,,R,,R,True,True,True,True
V130L,S,,,S,True,True,True,True
V131A,S,,,S,True,True,True,True
V131D,R,,R,R,True,True,True,True
V131F,R,R,R,R,True,True,True,True
V131G,,R,,R,True,True,True,True
V131I,R,,R,R,True,True,True,True
V131L,S,,,S,True,True,True,True
V139A,R,R,R,R,True,True,True,True
V139E,R,,R,R,True,True,True,True
V139G,R,R,R,R,True,True,True,True
V139L,,R,R,R,True,True,True,True
V139M,R,,R,R,True,True,True,True
V147A,R,,R,R,True,True,True,True
V147L,S,,,S,True,True,True,True
V155E,R,,R,R,True,True,True,True
V155G,,R,R,R,True,True,True,True
V155M,R,R,R,R,True,True,True,True
V157A,S,,,S,True,True,True,True
V157L,S,,,S,True,True,True,True
V163A,S,,,S,True,True,True,True
V163E,R,,R,R,True,True,True,True
V163G,,,S,S,True,True,True,True
V163M,S,,,S,True,True,True,True
V169A,S,,,S,True,True,True,True
V169D,S,,,S,True,True,True,True
V169F,S,,,S,True,True,True,True
V169I,S,,,S,True,True,True,True
V169L,S,,,S,True,True,True,True
V180A,,R,,R,True,True,True,True
V180D,R,,R,R,True,True,True,True
V180F,R,R,R,R,True,True,True,True
V180G,,R,R,R,True,True,True,True
V180I,S,,,S,True,True,True,True
V183A,S,,,S,True,True,True,True
V183D,R,,R,R,True,True,True,True
V183I,S,,,S,True,True,True,True
V21E,R,,R,R,True,True,True,True
V21G,,R,R,R,True,True,True,True
V21L,S,,,S,True,True,True,True
V44D,R,,R,R,True,True,True,True
V44G,,R,,R,True,True,True,True
V44I,S,,,S,True,True,True,True
V44L,S,,,S,True,True,True,True
V45A,S,,S,S,True,True,True,True
V45L,S,,,S,True,True,True,True
V73D,S,,,S,True,True,True,True
V73I,S,,,S,True,True,True,True
V73L,S,,,S,True,True,True,True
V7A,R,R,R,R,True,True,True,True
V7D,R,,R,R,True,True,True,True
V7F,R,,R,R,True,True,True,True
V7G,,R,R,R,True,True,True,True
V7I,S,,,S,True,True,True,True
V7L,R,R,R,R,True,True,True,True
V93E,R,,R,R,True,True,True,True
V93L,R,,R,R,True,True,True,True
V9G,,R,,R,True,True,True,True
V9L,S,,,S,True,True,True,True
V9M,S,,,S,True,True,True,True
W119G,R,R,R,R,True,True,True,True
W119L,R,,R,R,True,True,True,True
W119R,R,R,R,R,True,True,True,True
W68C,R,R,R,R,True,True,True,True
W68G,,R,R,R,True,True,True,True
W68L,R,,R,R,True,True,True,True
W68R,R,R,R,R,True,True,True,True
Y103C,,R,,R,True,True,True,True
Y103D,,R,,R,True,True,True,True
Y103H,R,R,R,R,True,True,True,True
Y103N,S,,,S,True,True,True,True
Y103S,,R,,R,True,True,True,True
Y34C,S,,,S,True,True,True,True
Y34D,,R,R,R,True,True,True,True
Y34H,S,,,S,True,True,True,True
Y41H,R,,R,R,True,True,True,True
Y64N,S,,,S,True,True,True,True
Y95C,S,,,S,True,True,True,True
Y95H,S,,,S,True,True,True,True
Y95N,S,,,S,True,True,True,True
Y99C,S,,,S,True,True,True,True
Y99D,S,,,S,True,True,True,True
Y99F,S,,,S,True,True,True,True
Y99N,S,,,S,True,True,True,True
