mutation,prediction,validation-mutations,mic,phenotype,validation-samples
A102R,1,0.0,,S,0.0
A102R,1,0.0,,S,0.0
A102R,1,0.0,,S,0.0
A102T,1,1.0,,R,1.0
A102T,1,1.0,,R,1.0
A102T,1,1.0,,R,1.0
A134D,0,,1.0,S,0.0
A134V,1,1.0,1.0,R,1.0
A134V,1,1.0,1.0,R,1.0
A134V,1,1.0,1.0,R,1.0
A134V,1,1.0,1.0,R,1.0
A134V,1,1.0,1.0,R,1.0
A134V,1,1.0,1.0,R,1.0
A134V,1,1.0,1.0,R,1.0
A134V,1,1.0,1.0,R,1.0
A134V,1,1.0,1.0,R,1.0
A134V,1,1.0,1.0,R,1.0
A134V,1,1.0,1.0,R,1.0
A134V,1,1.0,1.0,R,1.0
A134V,1,1.0,1.0,R,1.0
A134V,1,1.0,1.0,R,1.0
A134V,1,1.0,1.0,R,1.0
A134V,1,1.0,1.0,R,1.0
A134V,1,1.0,1.0,R,1.0
A134V,1,1.0,1.0,R,1.0
A134V,1,1.0,1.0,R,1.0
A134V,1,1.0,1.0,R,1.0
A134V,1,1.0,1.0,R,1.0
A134V,1,1.0,1.0,R,1.0
A134V,1,1.0,1.0,R,1.0
A134V,1,1.0,1.0,S,0.0
A134V,1,1.0,1.0,S,0.0
A143G,1,1.0,,R,1.0
A143G,1,1.0,,R,1.0
A143G,1,1.0,,R,1.0
A143G,1,1.0,,R,1.0
A143G,1,1.0,,R,1.0
A143G,1,1.0,,R,1.0
A143T,0,0.0,,R,1.0
A143T,0,0.0,,S,0.0
A143T,0,0.0,,S,0.0
A143T,0,0.0,,S,0.0
A143T,0,0.0,,S,0.0
A143T,0,0.0,,S,0.0
A143T,0,0.0,,S,0.0
A143V,0,0.0,,S,0.0
A143V,0,0.0,,S,0.0
A143V,0,0.0,,S,0.0
A143V,0,0.0,,S,0.0
A143V,0,0.0,,S,0.0
A143V,0,0.0,,S,0.0
A146E,1,1.0,1.0,R,1.0
A146E,1,1.0,1.0,R,1.0
A146E,1,1.0,1.0,R,1.0
A146E,1,1.0,1.0,R,1.0
A146P,1,1.0,,R,1.0
A146P,1,1.0,,R,1.0
A146P,1,1.0,,R,1.0
A146T,1,1.0,,R,1.0
A146T,1,1.0,,R,1.0
A146T,1,1.0,,R,1.0
A146T,1,1.0,,R,1.0
A146T,1,1.0,,R,1.0
A146T,1,1.0,,R,1.0
A146T,1,1.0,,R,1.0
A146T,1,1.0,,S,0.0
A146T,1,1.0,,S,0.0
A146V,1,1.0,,R,1.0
A146V,1,1.0,,R,1.0
A146V,1,1.0,,R,1.0
A146V,1,1.0,,R,1.0
A146V,1,1.0,,R,1.0
A146V,1,1.0,,R,1.0
A146V,1,1.0,,R,1.0
A146V,1,1.0,,R,1.0
A146V,1,1.0,,R,1.0
A146V,1,1.0,,R,1.0
A146V,1,1.0,,R,1.0
A146V,1,1.0,,R,1.0
A146V,1,1.0,,R,1.0
A146V,1,1.0,,R,1.0
A146V,1,1.0,,R,1.0
A146V,1,1.0,,R,1.0
A146V,1,1.0,,R,1.0
A146V,1,1.0,,R,1.0
A146V,1,1.0,,R,1.0
A146V,1,1.0,,S,0.0
A171V,1,0.0,,R,1.0
A171V,1,0.0,,R,1.0
A171V,1,0.0,,R,1.0
A171V,1,0.0,,R,1.0
A171V,1,0.0,,S,0.0
A171V,1,0.0,,S,0.0
A171V,1,0.0,,S,0.0
A171V,1,0.0,,S,0.0
A171V,1,0.0,,S,0.0
A171V,1,0.0,,S,0.0
A171V,1,0.0,,S,0.0
A171V,1,0.0,,S,0.0
A171V,1,0.0,,S,0.0
A171V,1,0.0,,S,0.0
A171V,1,0.0,,S,0.0
A171V,1,0.0,,S,0.0
A171V,1,0.0,,S,0.0
A171V,1,0.0,,S,0.0
A30V,1,0.0,,S,0.0
A30V,1,0.0,,S,0.0
A3E,1,1.0,,R,1.0
A3E,1,1.0,,R,1.0
A3E,1,1.0,,R,1.0
A3E,1,1.0,,R,1.0
A3E,1,1.0,,R,1.0
A46E,1,1.0,,R,1.0
A46E,1,1.0,,R,1.0
A46T,1,0.0,,S,0.0
A46T,1,0.0,,S,0.0
A46T,1,0.0,,S,0.0
A46T,1,0.0,,S,0.0
A79T,0,0.0,,S,0.0
A79T,0,0.0,,S,0.0
A79T,0,0.0,,S,0.0
A79T,0,0.0,,S,0.0
A79V,1,0.0,,S,0.0
A79V,1,0.0,,S,0.0
A79V,1,0.0,,S,0.0
A79V,1,0.0,,S,0.0
A79V,1,0.0,,S,0.0
A79V,1,0.0,,S,0.0
C138R,1,1.0,,R,1.0
C138R,1,1.0,,R,1.0
C138R,1,1.0,,R,1.0
C138R,1,1.0,,R,1.0
C138R,1,1.0,,R,1.0
C138R,1,1.0,,R,1.0
C138R,1,1.0,,R,1.0
C138R,1,1.0,,R,1.0
C138R,1,1.0,,R,1.0
C138R,1,1.0,,R,1.0
C138R,1,1.0,,R,1.0
C14G,1,,1.0,R,1.0
C14G,1,,1.0,R,1.0
C14G,1,,1.0,R,1.0
C14G,1,,1.0,R,1.0
C14G,1,,1.0,R,1.0
C14G,1,,1.0,R,1.0
C14G,1,,1.0,R,1.0
C14G,1,,1.0,R,1.0
C14G,1,,1.0,S,0.0
C14G,1,,1.0,S,0.0
C14G,1,,1.0,S,0.0
C14G,1,,1.0,S,0.0
C14G,1,,1.0,S,0.0
C14G,1,,1.0,S,0.0
C14G,1,,1.0,S,0.0
C14G,1,,1.0,S,0.0
C14G,1,,1.0,S,0.0
C14R,1,1.0,1.0,R,1.0
C14R,1,1.0,1.0,R,1.0
C14R,1,1.0,1.0,R,1.0
C14R,1,1.0,1.0,R,1.0
C14R,1,1.0,1.0,R,1.0
C14R,1,1.0,1.0,R,1.0
C14R,1,1.0,1.0,R,1.0
C14R,1,1.0,1.0,R,1.0
C14R,1,1.0,1.0,R,1.0
C14R,1,1.0,1.0,R,1.0
C14R,1,1.0,1.0,R,1.0
C14R,1,1.0,1.0,R,1.0
C14R,1,1.0,1.0,R,1.0
C14R,1,1.0,1.0,R,1.0
C14R,1,1.0,1.0,R,1.0
C14R,1,1.0,1.0,R,1.0
C14R,1,1.0,1.0,R,1.0
C14R,1,1.0,1.0,R,1.0
C14R,1,1.0,1.0,R,1.0
C14R,1,1.0,1.0,R,1.0
C14R,1,1.0,1.0,R,1.0
C14R,1,1.0,1.0,R,1.0
C14R,1,1.0,1.0,R,1.0
C14R,1,1.0,1.0,R,1.0
C14R,1,1.0,1.0,R,1.0
C14R,1,1.0,1.0,R,1.0
C14R,1,1.0,1.0,R,1.0
C14R,1,1.0,1.0,R,1.0
C14R,1,1.0,1.0,S,0.0
C14R,1,1.0,1.0,S,0.0
C14R,1,1.0,1.0,S,0.0
C72G,1,,0.0,,
C72R,1,1.0,,R,1.0
C72R,1,1.0,,R,1.0
C72R,1,1.0,,R,1.0
C72R,1,1.0,,R,1.0
C72R,1,1.0,,R,1.0
C72R,1,1.0,,R,1.0
C72R,1,1.0,,R,1.0
C72Y,1,1.0,,R,1.0
C72Y,1,1.0,,R,1.0
D129Y,0,1.0,,R,1.0
D129Y,0,1.0,,R,1.0
D12A,1,1.0,,R,1.0
D12A,1,1.0,,R,1.0
D12A,1,1.0,,R,1.0
D12A,1,1.0,,R,1.0
D12A,1,1.0,,R,1.0
D12A,1,1.0,,R,1.0
D12A,1,1.0,,R,1.0
D12A,1,1.0,,R,1.0
D12A,1,1.0,,R,1.0
D12A,1,1.0,,R,1.0
D12A,1,1.0,,R,1.0
D12A,1,1.0,,R,1.0
D12A,1,1.0,,R,1.0
D12A,1,1.0,,R,1.0
D12A,1,1.0,,R,1.0
D12A,1,1.0,,R,1.0
D12A,1,1.0,,R,1.0
D12A,1,1.0,,R,1.0
D12A,1,1.0,,R,1.0
D12A,1,1.0,,R,1.0
D12A,1,1.0,,R,1.0
D12A,1,1.0,,R,1.0
D12A,1,1.0,,R,1.0
D12A,1,1.0,,R,1.0
D12A,1,1.0,,R,1.0
D12A,1,1.0,,R,1.0
D12A,1,1.0,,R,1.0
D12A,1,1.0,,R,1.0
D12A,1,1.0,,R,1.0
D12A,1,1.0,,R,1.0
D12A,1,1.0,,R,1.0
D12A,1,1.0,,R,1.0
D12A,1,1.0,,R,1.0
D12A,1,1.0,,R,1.0
D12A,1,1.0,,R,1.0
D12A,1,1.0,,R,1.0
D12A,1,1.0,,R,1.0
D12A,1,1.0,,R,1.0
D12A,1,1.0,,R,1.0
D12A,1,1.0,,R,1.0
D12A,1,1.0,,R,1.0
D12A,1,1.0,,R,1.0
D12A,1,1.0,,R,1.0
D12A,1,1.0,,R,1.0
D12A,1,1.0,,R,1.0
D12A,1,1.0,,R,1.0
D12A,1,1.0,,S,0.0
D12A,1,1.0,,S,0.0
D12A,1,1.0,,S,0.0
D12A,1,1.0,,S,0.0
D12A,1,1.0,,S,0.0
D12A,1,1.0,,S,0.0
D12A,1,1.0,,S,0.0
D12A,1,1.0,,S,0.0
D12A,1,1.0,,S,0.0
D12A,1,1.0,,S,0.0
D12A,1,1.0,,S,0.0
D12A,1,1.0,,S,0.0
D12A,1,1.0,,S,0.0
D12A,1,1.0,,S,0.0
D12A,1,1.0,,S,0.0
D12E,1,1.0,,R,1.0
D12E,1,1.0,,R,1.0
D12E,1,1.0,,R,1.0
D12E,1,1.0,,R,1.0
D12E,1,1.0,,R,1.0
D12E,1,1.0,,R,1.0
D12E,1,1.0,,R,1.0
D12E,1,1.0,,R,1.0
D12E,1,1.0,,R,1.0
D12E,1,1.0,,S,0.0
D12N,1,1.0,,R,1.0
D12N,1,1.0,,R,1.0
D12N,1,1.0,,R,1.0
D12N,1,1.0,,R,1.0
D12N,1,1.0,,R,1.0
D12N,1,1.0,,R,1.0
D12N,1,1.0,,R,1.0
D12N,1,1.0,,R,1.0
D136Y,1,1.0,,R,1.0
D136Y,1,1.0,,R,1.0
D136Y,1,1.0,,R,1.0
D136Y,1,1.0,,R,1.0
D136Y,1,1.0,,R,1.0
D136Y,1,1.0,,R,1.0
D49A,1,1.0,,R,1.0
D49A,1,1.0,,R,1.0
D49A,1,1.0,,R,1.0
D49A,1,1.0,,R,1.0
D49A,1,1.0,,R,1.0
D49A,1,1.0,,R,1.0
D49A,1,1.0,,R,1.0
D49A,1,1.0,,R,1.0
D49A,1,1.0,,R,1.0
D49A,1,1.0,,R,1.0
D49A,1,1.0,,R,1.0
D49A,1,1.0,,R,1.0
D49A,1,1.0,,R,1.0
D49A,1,1.0,,R,1.0
D49A,1,1.0,,R,1.0
D49A,1,1.0,,R,1.0
D49A,1,1.0,,R,1.0
D49A,1,1.0,,R,1.0
D49A,1,1.0,,R,1.0
D49A,1,1.0,,R,1.0
D49A,1,1.0,,S,0.0
D49A,1,1.0,,S,0.0
D49E,1,,1.0,R,1.0
D49E,1,,1.0,R,1.0
D49E,1,,1.0,S,0.0
D49E,1,,1.0,S,0.0
D49G,1,1.0,,R,1.0
D49G,1,1.0,,R,1.0
D49G,1,1.0,,R,1.0
D49G,1,1.0,,R,1.0
D49G,1,1.0,,R,1.0
D49G,1,1.0,,R,1.0
D49G,1,1.0,,R,1.0
D49G,1,1.0,,R,1.0
D49G,1,1.0,,R,1.0
D49G,1,1.0,,R,1.0
D49G,1,1.0,,R,1.0
D49G,1,1.0,,R,1.0
D49G,1,1.0,,R,1.0
D49G,1,1.0,,R,1.0
D49G,1,1.0,,R,1.0
D49G,1,1.0,,R,1.0
D49G,1,1.0,,R,1.0
D49G,1,1.0,,R,1.0
D49G,1,1.0,,R,1.0
D49G,1,1.0,,R,1.0
D49G,1,1.0,,R,1.0
D49G,1,1.0,,R,1.0
D49G,1,1.0,,R,1.0
D49G,1,1.0,,R,1.0
D49G,1,1.0,,R,1.0
D49G,1,1.0,,R,1.0
D49G,1,1.0,,R,1.0
D49G,1,1.0,,R,1.0
D49G,1,1.0,,R,1.0
D49G,1,1.0,,R,1.0
D49G,1,1.0,,R,1.0
D49G,1,1.0,,R,1.0
D49G,1,1.0,,R,1.0
D49G,1,1.0,,R,1.0
D49G,1,1.0,,R,1.0
D49G,1,1.0,,R,1.0
D49G,1,1.0,,R,1.0
D49G,1,1.0,,R,1.0
D49G,1,1.0,,R,1.0
D49G,1,1.0,,R,1.0
D49G,1,1.0,,R,1.0
D49G,1,1.0,,R,1.0
D49G,1,1.0,,R,1.0
D49G,1,1.0,,R,1.0
D49G,1,1.0,,R,1.0
D49G,1,1.0,,S,0.0
D49G,1,1.0,,S,0.0
D49N,1,1.0,,R,1.0
D49N,1,1.0,,R,1.0
D49N,1,1.0,,R,1.0
D49N,1,1.0,,R,1.0
D49N,1,1.0,,R,1.0
D49N,1,1.0,,R,1.0
D49N,1,1.0,,R,1.0
D49N,1,1.0,,R,1.0
D49N,1,1.0,,R,1.0
D63A,0,1.0,1.0,R,1.0
D63A,0,1.0,1.0,R,1.0
D63A,0,1.0,1.0,R,1.0
D63A,0,1.0,1.0,R,1.0
D63A,0,1.0,1.0,R,1.0
D63A,0,1.0,1.0,R,1.0
D63A,0,1.0,1.0,R,1.0
D63A,0,1.0,1.0,R,1.0
D63A,0,1.0,1.0,R,1.0
D63A,0,1.0,1.0,R,1.0
D63A,0,1.0,1.0,R,1.0
D63A,0,1.0,1.0,R,1.0
D63A,0,1.0,1.0,R,1.0
D63A,0,1.0,1.0,R,1.0
D63A,0,1.0,1.0,R,1.0
D63A,0,1.0,1.0,R,1.0
D63A,0,1.0,1.0,R,1.0
D63A,0,1.0,1.0,S,0.0
D63A,0,1.0,1.0,S,0.0
D63A,0,1.0,1.0,S,0.0
D63A,0,1.0,1.0,S,0.0
D63A,0,1.0,1.0,S,0.0
D8A,1,1.0,,R,1.0
D8A,1,1.0,,R,1.0
D8A,1,1.0,,R,1.0
D8E,1,1.0,,R,1.0
D8E,1,1.0,,R,1.0
D8E,1,1.0,,R,1.0
D8E,1,1.0,,R,1.0
D8E,1,1.0,,R,1.0
D8E,1,1.0,,R,1.0
D8E,1,1.0,,R,1.0
D8E,1,1.0,,R,1.0
D8E,1,1.0,,R,1.0
D8E,1,1.0,,R,1.0
D8E,1,1.0,,R,1.0
D8E,1,1.0,,R,1.0
D8E,1,1.0,,R,1.0
D8E,1,1.0,,S,0.0
D8G,1,1.0,,R,1.0
D8G,1,1.0,,R,1.0
D8G,1,1.0,,R,1.0
D8G,1,1.0,,R,1.0
D8G,1,1.0,,R,1.0
D8G,1,1.0,,R,1.0
D8G,1,1.0,,R,1.0
D8G,1,1.0,,R,1.0
D8G,1,1.0,,R,1.0
D8G,1,1.0,,R,1.0
D8G,1,1.0,,R,1.0
D8G,1,1.0,,R,1.0
D8G,1,1.0,,R,1.0
D8G,1,1.0,,R,1.0
D8G,1,1.0,,R,1.0
D8G,1,1.0,,R,1.0
D8G,1,1.0,,R,1.0
D8G,1,1.0,,R,1.0
D8G,1,1.0,,R,1.0
D8G,1,1.0,,R,1.0
D8G,1,1.0,,R,1.0
D8G,1,1.0,,R,1.0
D8G,1,1.0,,R,1.0
D8G,1,1.0,,R,1.0
D8G,1,1.0,,R,1.0
D8G,1,1.0,,R,1.0
D8G,1,1.0,,R,1.0
D8G,1,1.0,,R,1.0
D8G,1,1.0,,R,1.0
D8G,1,1.0,,R,1.0
D8G,1,1.0,,S,0.0
D8G,1,1.0,,S,0.0
D8N,1,1.0,1.0,R,1.0
D8N,1,1.0,1.0,R,1.0
D8N,1,1.0,1.0,R,1.0
D8N,1,1.0,1.0,R,1.0
D8N,1,1.0,1.0,R,1.0
D8N,1,1.0,1.0,R,1.0
D8N,1,1.0,1.0,R,1.0
D8N,1,1.0,1.0,R,1.0
D8N,1,1.0,1.0,R,1.0
D8N,1,1.0,1.0,R,1.0
D8N,1,1.0,1.0,R,1.0
D8N,1,1.0,1.0,R,1.0
D8N,1,1.0,1.0,R,1.0
D8N,1,1.0,1.0,S,0.0
E15G,0,0.0,,S,0.0
E15G,0,0.0,,S,0.0
E15G,0,0.0,,S,0.0
F106S,1,1.0,1.0,R,1.0
F106S,1,1.0,1.0,R,1.0
F13C,1,,0.0,S,0.0
F13I,1,1.0,,R,1.0
F13I,1,1.0,,R,1.0
F13I,1,1.0,,R,1.0
F13V,1,0.0,,S,0.0
F13V,1,0.0,,S,0.0
F13V,1,0.0,,S,0.0
F58L,1,,1.0,R,1.0
F58L,1,,1.0,R,1.0
F58L,1,,1.0,R,1.0
F58L,1,,1.0,R,1.0
F58L,1,,1.0,R,1.0
F58L,1,,1.0,R,1.0
F58L,1,,1.0,R,1.0
F58L,1,,1.0,R,1.0
F58L,1,,1.0,R,1.0
F58L,1,,1.0,R,1.0
F58L,1,,1.0,R,1.0
F58L,1,,1.0,R,1.0
F58L,1,,1.0,R,1.0
F58L,1,,1.0,R,1.0
F58L,1,,1.0,S,0.0
F58L,1,,1.0,S,0.0
F58L,1,,1.0,S,0.0
F58L,1,,1.0,S,0.0
F58L,1,,1.0,S,0.0
F58L,1,,1.0,S,0.0
F58L,1,,1.0,S,0.0
F58L,1,,1.0,S,0.0
F58L,1,,1.0,S,0.0
F58L,1,,1.0,S,0.0
F58L,1,,1.0,S,0.0
F58L,1,,1.0,S,0.0
F58L,1,,1.0,S,0.0
F58S,1,,1.0,R,1.0
F58V,1,0.0,,S,0.0
F58V,1,0.0,,S,0.0
F58V,1,0.0,,S,0.0
F81C,0,1.0,,R,1.0
F81C,0,1.0,,R,1.0
F81S,1,0.0,0.0,S,0.0
F81S,1,0.0,0.0,S,0.0
F81S,1,0.0,0.0,S,0.0
F81S,1,0.0,0.0,S,0.0
F94C,1,1.0,,R,1.0
F94C,1,1.0,,R,1.0
F94C,1,1.0,,R,1.0
F94C,1,1.0,,R,1.0
F94C,1,1.0,,R,1.0
F94C,1,1.0,,R,1.0
F94C,1,1.0,,R,1.0
F94C,1,1.0,,R,1.0
F94C,1,1.0,,R,1.0
F94C,1,1.0,,R,1.0
F94C,1,1.0,,R,1.0
F94C,1,1.0,,R,1.0
F94C,1,1.0,,R,1.0
F94C,1,1.0,,R,1.0
F94C,1,1.0,,R,1.0
F94C,1,1.0,,R,1.0
F94C,1,1.0,,R,1.0
F94C,1,1.0,,S,0.0
F94C,1,1.0,,S,0.0
F94S,1,1.0,,R,1.0
F94S,1,1.0,,R,1.0
F94S,1,1.0,,R,1.0
F94S,1,1.0,,R,1.0
F94S,1,1.0,,R,1.0
F94S,1,1.0,,R,1.0
F94S,1,1.0,,R,1.0
G105D,1,1.0,,R,1.0
G105D,1,1.0,,R,1.0
G105D,1,1.0,,R,1.0
G105D,1,1.0,,R,1.0
G105D,1,1.0,,R,1.0
G105D,1,1.0,,R,1.0
G105D,1,1.0,,R,1.0
G105V,1,1.0,,R,1.0
G105V,1,1.0,,R,1.0
G105V,1,1.0,,R,1.0
G105V,1,1.0,,R,1.0
G105V,1,1.0,,R,1.0
G108R,1,1.0,1.0,R,1.0
G108R,1,1.0,1.0,R,1.0
G108R,1,1.0,1.0,R,1.0
G108R,1,1.0,1.0,R,1.0
G108R,1,1.0,1.0,R,1.0
G108R,1,1.0,1.0,R,1.0
G108R,1,1.0,1.0,R,1.0
G108R,1,1.0,1.0,R,1.0
G108R,1,1.0,1.0,R,1.0
G108R,1,1.0,1.0,S,0.0
G124D,0,0.0,,S,0.0
G124D,0,0.0,,S,0.0
G132A,1,1.0,,R,1.0
G132A,1,1.0,,R,1.0
G132A,1,1.0,,R,1.0
G132A,1,1.0,,R,1.0
G132A,1,1.0,,R,1.0
G132A,1,1.0,,R,1.0
G132A,1,1.0,,R,1.0
G132A,1,1.0,,R,1.0
G132A,1,1.0,,R,1.0
G132A,1,1.0,,S,0.0
G132A,1,1.0,,S,0.0
G132C,1,1.0,,R,1.0
G132C,1,1.0,,R,1.0
G132C,1,1.0,,R,1.0
G132D,1,1.0,,R,1.0
G132D,1,1.0,,R,1.0
G132D,1,1.0,,R,1.0
G132D,1,1.0,,R,1.0
G132D,1,1.0,,R,1.0
G132S,1,1.0,1.0,R,1.0
G132S,1,1.0,1.0,R,1.0
G132S,1,1.0,1.0,R,1.0
G132S,1,1.0,1.0,R,1.0
G132S,1,1.0,1.0,R,1.0
G132S,1,1.0,1.0,R,1.0
G132S,1,1.0,1.0,R,1.0
G132S,1,1.0,1.0,R,1.0
G132S,1,1.0,1.0,R,1.0
G132S,1,1.0,1.0,R,1.0
G132S,1,1.0,1.0,R,1.0
G132S,1,1.0,1.0,R,1.0
G162D,1,1.0,,R,1.0
G162D,1,1.0,,R,1.0
G162D,1,1.0,,R,1.0
G162D,1,1.0,,R,1.0
G162D,1,1.0,,R,1.0
G162D,1,1.0,,R,1.0
G162D,1,1.0,,R,1.0
G162D,1,1.0,,R,1.0
G17D,1,1.0,,R,1.0
G17D,1,1.0,,R,1.0
G17D,1,1.0,,R,1.0
G17D,1,1.0,,S,0.0
G17S,0,0.0,,S,0.0
G17S,0,0.0,,S,0.0
G17S,0,0.0,,S,0.0
G24D,1,1.0,,R,1.0
G24D,1,1.0,,R,1.0
G24D,1,1.0,,R,1.0
G24D,1,1.0,,R,1.0
G24D,1,1.0,,R,1.0
G24D,1,1.0,,R,1.0
G24D,1,1.0,,R,1.0
G24D,1,1.0,,S,0.0
G97C,1,1.0,1.0,R,1.0
G97C,1,1.0,1.0,R,1.0
G97C,1,1.0,1.0,R,1.0
G97C,1,1.0,1.0,R,1.0
G97C,1,1.0,1.0,R,1.0
G97C,1,1.0,1.0,R,1.0
G97C,1,1.0,1.0,R,1.0
G97C,1,1.0,1.0,R,1.0
G97C,1,1.0,1.0,R,1.0
G97C,1,1.0,1.0,R,1.0
G97C,1,1.0,1.0,R,1.0
G97C,1,1.0,1.0,S,0.0
G97D,1,1.0,,R,1.0
G97D,1,1.0,,R,1.0
G97D,1,1.0,,R,1.0
G97D,1,1.0,,R,1.0
G97D,1,1.0,,R,1.0
G97D,1,1.0,,R,1.0
G97D,1,1.0,,R,1.0
G97D,1,1.0,,R,1.0
G97D,1,1.0,,R,1.0
G97D,1,1.0,,R,1.0
G97D,1,1.0,,R,1.0
G97D,1,1.0,,R,1.0
G97D,1,1.0,,R,1.0
G97D,1,1.0,,R,1.0
G97D,1,1.0,,R,1.0
G97D,1,1.0,,R,1.0
G97D,1,1.0,,R,1.0
G97D,1,1.0,,R,1.0
G97D,1,1.0,,R,1.0
G97D,1,1.0,,R,1.0
G97D,1,1.0,,R,1.0
G97D,1,1.0,,R,1.0
G97D,1,1.0,,R,1.0
G97D,1,1.0,,R,1.0
G97D,1,1.0,,R,1.0
G97D,1,1.0,,R,1.0
G97D,1,1.0,,R,1.0
G97D,1,1.0,,R,1.0
G97D,1,1.0,,R,1.0
G97D,1,1.0,,R,1.0
G97D,1,1.0,,R,1.0
G97D,1,1.0,,R,1.0
G97D,1,1.0,,R,1.0
G97D,1,1.0,,R,1.0
G97D,1,1.0,,R,1.0
G97D,1,1.0,,R,1.0
G97D,1,1.0,,R,1.0
G97D,1,1.0,,R,1.0
G97D,1,1.0,,R,1.0
G97D,1,1.0,,R,1.0
G97D,1,1.0,,R,1.0
G97D,1,1.0,,R,1.0
G97D,1,1.0,,R,1.0
G97D,1,1.0,,R,1.0
G97D,1,1.0,,R,1.0
G97D,1,1.0,,R,1.0
G97D,1,1.0,,R,1.0
G97D,1,1.0,,R,1.0
G97D,1,1.0,,R,1.0
G97D,1,1.0,,R,1.0
G97D,1,1.0,,R,1.0
G97D,1,1.0,,R,1.0
G97D,1,1.0,,R,1.0
G97D,1,1.0,,R,1.0
G97D,1,1.0,,R,1.0
G97D,1,1.0,,R,1.0
G97D,1,1.0,,R,1.0
G97D,1,1.0,,R,1.0
G97D,1,1.0,,R,1.0
G97D,1,1.0,,R,1.0
G97D,1,1.0,,R,1.0
G97D,1,1.0,,R,1.0
G97D,1,1.0,,R,1.0
G97D,1,1.0,,R,1.0
G97D,1,1.0,,R,1.0
G97D,1,1.0,,R,1.0
G97D,1,1.0,,R,1.0
G97D,1,1.0,,S,0.0
G97D,1,1.0,,S,0.0
G97D,1,1.0,,S,0.0
G97D,1,1.0,,S,0.0
G97D,1,1.0,,S,0.0
G97D,1,1.0,,S,0.0
G97D,1,1.0,,S,0.0
G97D,1,1.0,,S,0.0
G97R,1,1.0,,R,1.0
G97R,1,1.0,,R,1.0
G97R,1,1.0,,R,1.0
G97R,1,1.0,,R,1.0
G97R,1,1.0,,R,1.0
G97R,1,1.0,,R,1.0
G97R,1,1.0,,R,1.0
G97R,1,1.0,,R,1.0
G97S,1,1.0,,R,1.0
G97S,1,1.0,,R,1.0
G97S,1,1.0,,R,1.0
G97S,1,1.0,,R,1.0
G97S,1,1.0,,R,1.0
G97S,1,1.0,,R,1.0
G97S,1,1.0,,R,1.0
G97S,1,1.0,,R,1.0
G97S,1,1.0,,R,1.0
G97S,1,1.0,,R,1.0
G97S,1,1.0,,R,1.0
G97S,1,1.0,,R,1.0
G97S,1,1.0,,R,1.0
G97S,1,1.0,,R,1.0
G97S,1,1.0,,R,1.0
G97S,1,1.0,,R,1.0
G97S,1,1.0,,R,1.0
G97S,1,1.0,,R,1.0
G97S,1,1.0,,S,0.0
G97V,1,1.0,,R,1.0
G97V,1,1.0,,R,1.0
G97V,1,1.0,,R,1.0
G97V,1,1.0,,R,1.0
H137P,1,1.0,,R,1.0
H137P,1,1.0,,R,1.0
H137P,1,1.0,,R,1.0
H137Q,0,0.0,,S,0.0
H137Q,0,0.0,,S,0.0
H43P,1,1.0,,R,1.0
H43P,1,1.0,,R,1.0
H43P,1,1.0,,R,1.0
H43Y,0,0.0,,S,0.0
H43Y,0,0.0,,S,0.0
H43Y,0,0.0,,S,0.0
H51D,1,1.0,,R,1.0
H51D,1,1.0,,R,1.0
H51D,1,1.0,,R,1.0
H51D,1,1.0,,R,1.0
H51D,1,1.0,,R,1.0
H51D,1,1.0,,R,1.0
H51D,1,1.0,,R,1.0
H51D,1,1.0,,R,1.0
H51D,1,1.0,,R,1.0
H51D,1,1.0,,R,1.0
H51D,1,1.0,,R,1.0
H51D,1,1.0,,R,1.0
H51D,1,1.0,,R,1.0
H51D,1,1.0,,R,1.0
H51D,1,1.0,,R,1.0
H51D,1,1.0,,R,1.0
H51D,1,1.0,,R,1.0
H51D,1,1.0,,R,1.0
H51D,1,1.0,,R,1.0
H51D,1,1.0,,R,1.0
H51D,1,1.0,,R,1.0
H51D,1,1.0,,R,1.0
H51D,1,1.0,,R,1.0
H51D,1,1.0,,R,1.0
H51D,1,1.0,,R,1.0
H51D,1,1.0,,R,1.0
H51D,1,1.0,,R,1.0
H51D,1,1.0,,R,1.0
H51D,1,1.0,,R,1.0
H51D,1,1.0,,R,1.0
H51D,1,1.0,,R,1.0
H51D,1,1.0,,R,1.0
H51D,1,1.0,,R,1.0
H51P,1,1.0,1.0,R,1.0
H51P,1,1.0,1.0,R,1.0
H51P,1,1.0,1.0,R,1.0
H51P,1,1.0,1.0,R,1.0
H51P,1,1.0,1.0,R,1.0
H51P,1,1.0,1.0,R,1.0
H51P,1,1.0,1.0,S,0.0
H51P,1,1.0,1.0,S,0.0
H51Q,1,1.0,,R,1.0
H51Q,1,1.0,,R,1.0
H51Q,1,1.0,,R,1.0
H51Q,1,1.0,,R,1.0
H51Q,1,1.0,,R,1.0
H51Q,1,1.0,,R,1.0
H51Q,1,1.0,,R,1.0
H51Q,1,1.0,,R,1.0
H51Q,1,1.0,,R,1.0
H51Q,1,1.0,,R,1.0
H51Q,1,1.0,,R,1.0
H51Q,1,1.0,,R,1.0
H51Q,1,1.0,,R,1.0
H51Q,1,1.0,,R,1.0
H51Q,1,1.0,,S,0.0
H51Q,1,1.0,,S,0.0
H51R,1,1.0,1.0,R,1.0
H51R,1,1.0,1.0,R,1.0
H51R,1,1.0,1.0,R,1.0
H51R,1,1.0,1.0,R,1.0
H51R,1,1.0,1.0,R,1.0
H51R,1,1.0,1.0,R,1.0
H51R,1,1.0,1.0,R,1.0
H51R,1,1.0,1.0,R,1.0
H51R,1,1.0,1.0,R,1.0
H51R,1,1.0,1.0,R,1.0
H51R,1,1.0,1.0,R,1.0
H51R,1,1.0,1.0,R,1.0
H51R,1,1.0,1.0,R,1.0
H51R,1,1.0,1.0,R,1.0
H51R,1,1.0,1.0,R,1.0
H51R,1,1.0,1.0,R,1.0
H51R,1,1.0,1.0,R,1.0
H51R,1,1.0,1.0,R,1.0
H51R,1,1.0,1.0,R,1.0
H51R,1,1.0,1.0,R,1.0
H51R,1,1.0,1.0,R,1.0
H51R,1,1.0,1.0,R,1.0
H51R,1,1.0,1.0,R,1.0
H51R,1,1.0,1.0,R,1.0
H51R,1,1.0,1.0,R,1.0
H51R,1,1.0,1.0,R,1.0
H51R,1,1.0,1.0,R,1.0
H51R,1,1.0,1.0,R,1.0
H51R,1,1.0,1.0,R,1.0
H51R,1,1.0,1.0,R,1.0
H51R,1,1.0,1.0,R,1.0
H51R,1,1.0,1.0,R,1.0
H51R,1,1.0,1.0,R,1.0
H51R,1,1.0,1.0,R,1.0
H51R,1,1.0,1.0,R,1.0
H51R,1,1.0,1.0,R,1.0
H51R,1,1.0,1.0,R,1.0
H51R,1,1.0,1.0,R,1.0
H51R,1,1.0,1.0,R,1.0
H51R,1,1.0,1.0,R,1.0
H51R,1,1.0,1.0,R,1.0
H51R,1,1.0,1.0,R,1.0
H51R,1,1.0,1.0,R,1.0
H51R,1,1.0,1.0,R,1.0
H51R,1,1.0,1.0,R,1.0
H51R,1,1.0,1.0,R,1.0
H51R,1,1.0,1.0,R,1.0
H51R,1,1.0,1.0,R,1.0
H51R,1,1.0,1.0,R,1.0
H51R,1,1.0,1.0,R,1.0
H51R,1,1.0,1.0,R,1.0
H51R,1,1.0,1.0,R,1.0
H51R,1,1.0,1.0,R,1.0
H51R,1,1.0,1.0,R,1.0
H51R,1,1.0,1.0,R,1.0
H51R,1,1.0,1.0,R,1.0
H51R,1,1.0,1.0,R,1.0
H51R,1,1.0,1.0,R,1.0
H51R,1,1.0,1.0,R,1.0
H51R,1,1.0,1.0,R,1.0
H51R,1,1.0,1.0,R,1.0
H51R,1,1.0,1.0,R,1.0
H51R,1,1.0,1.0,R,1.0
H51R,1,1.0,1.0,R,1.0
H51R,1,1.0,1.0,R,1.0
H51R,1,1.0,1.0,R,1.0
H51R,1,1.0,1.0,R,1.0
H51R,1,1.0,1.0,R,1.0
H51R,1,1.0,1.0,R,1.0
H51R,1,1.0,1.0,S,0.0
H51R,1,1.0,1.0,S,0.0
H51R,1,1.0,1.0,S,0.0
H51R,1,1.0,1.0,S,0.0
H51R,1,1.0,1.0,S,0.0
H51R,1,1.0,1.0,S,0.0
H51R,1,1.0,1.0,S,0.0
H51R,1,1.0,1.0,S,0.0
H51R,1,1.0,1.0,S,0.0
H51R,1,1.0,1.0,S,0.0
H51R,1,1.0,1.0,S,0.0
H51R,1,1.0,1.0,S,0.0
H51R,1,1.0,1.0,S,0.0
H51R,1,1.0,1.0,S,0.0
H51Y,1,1.0,1.0,R,1.0
H51Y,1,1.0,1.0,R,1.0
H51Y,1,1.0,1.0,R,1.0
H51Y,1,1.0,1.0,R,1.0
H51Y,1,1.0,1.0,R,1.0
H51Y,1,1.0,1.0,R,1.0
H51Y,1,1.0,1.0,R,1.0
H57D,1,1.0,1.0,R,1.0
H57D,1,1.0,1.0,R,1.0
H57D,1,1.0,1.0,R,1.0
H57D,1,1.0,1.0,R,1.0
H57D,1,1.0,1.0,R,1.0
H57D,1,1.0,1.0,R,1.0
H57D,1,1.0,1.0,R,1.0
H57D,1,1.0,1.0,R,1.0
H57D,1,1.0,1.0,R,1.0
H57D,1,1.0,1.0,R,1.0
H57D,1,1.0,1.0,R,1.0
H57D,1,1.0,1.0,R,1.0
H57D,1,1.0,1.0,R,1.0
H57D,1,1.0,1.0,R,1.0
H57D,1,1.0,1.0,R,1.0
H57D,1,1.0,1.0,R,1.0
H57D,1,1.0,1.0,R,1.0
H57D,1,1.0,1.0,R,1.0
H57D,1,1.0,1.0,R,1.0
H57D,1,1.0,1.0,R,1.0
H57D,1,1.0,1.0,R,1.0
H57D,1,1.0,1.0,R,1.0
H57D,1,1.0,1.0,R,1.0
H57D,1,1.0,1.0,R,1.0
H57D,1,1.0,1.0,R,1.0
H57D,1,1.0,1.0,R,1.0
H57D,1,1.0,1.0,R,1.0
H57D,1,1.0,1.0,R,1.0
H57D,1,1.0,1.0,R,1.0
H57D,1,1.0,1.0,R,1.0
H57D,1,1.0,1.0,R,1.0
H57D,1,1.0,1.0,R,1.0
H57D,1,1.0,1.0,R,1.0
H57D,1,1.0,1.0,R,1.0
H57D,1,1.0,1.0,R,1.0
H57D,1,1.0,1.0,R,1.0
H57D,1,1.0,1.0,R,1.0
H57D,1,1.0,1.0,R,1.0
H57D,1,1.0,1.0,R,1.0
H57D,1,1.0,1.0,R,1.0
H57D,1,1.0,1.0,R,1.0
H57D,1,1.0,1.0,R,1.0
H57D,1,1.0,1.0,R,1.0
H57D,1,1.0,1.0,R,1.0
H57D,1,1.0,1.0,R,1.0
H57D,1,1.0,1.0,R,1.0
H57D,1,1.0,1.0,R,1.0
H57D,1,1.0,1.0,R,1.0
H57D,1,1.0,1.0,R,1.0
H57D,1,1.0,1.0,R,1.0
H57D,1,1.0,1.0,R,1.0
H57D,1,1.0,1.0,R,1.0
H57D,1,1.0,1.0,R,1.0
H57D,1,1.0,1.0,R,1.0
H57D,1,1.0,1.0,R,1.0
H57D,1,1.0,1.0,R,1.0
H57D,1,1.0,1.0,R,1.0
H57D,1,1.0,1.0,R,1.0
H57D,1,1.0,1.0,R,1.0
H57D,1,1.0,1.0,R,1.0
H57D,1,1.0,1.0,R,1.0
H57D,1,1.0,1.0,R,1.0
H57D,1,1.0,1.0,R,1.0
H57D,1,1.0,1.0,R,1.0
H57D,1,1.0,1.0,R,1.0
H57D,1,1.0,1.0,R,1.0
H57D,1,1.0,1.0,R,1.0
H57D,1,1.0,1.0,R,1.0
H57D,1,1.0,1.0,R,1.0
H57D,1,1.0,1.0,R,1.0
H57D,1,1.0,1.0,R,1.0
H57D,1,1.0,1.0,R,1.0
H57D,1,1.0,1.0,R,1.0
H57D,1,1.0,1.0,R,1.0
H57D,1,1.0,1.0,R,1.0
H57D,1,1.0,1.0,R,1.0
H57D,1,1.0,1.0,R,1.0
H57D,1,1.0,1.0,R,1.0
H57D,1,1.0,1.0,R,1.0
H57D,1,1.0,1.0,R,1.0
H57D,1,1.0,1.0,R,1.0
H57D,1,1.0,1.0,R,1.0
H57D,1,1.0,1.0,R,1.0
H57D,1,1.0,1.0,R,1.0
H57D,1,1.0,1.0,R,1.0
H57D,1,1.0,1.0,R,1.0
H57D,1,1.0,1.0,R,1.0
H57D,1,1.0,1.0,R,1.0
H57D,1,1.0,1.0,R,1.0
H57D,1,1.0,1.0,R,1.0
H57D,1,1.0,1.0,R,1.0
H57D,1,1.0,1.0,R,1.0
H57D,1,1.0,1.0,R,1.0
H57D,1,1.0,1.0,R,1.0
H57D,1,1.0,1.0,R,1.0
H57D,1,1.0,1.0,R,1.0
H57D,1,1.0,1.0,R,1.0
H57D,1,1.0,1.0,R,1.0
H57D,1,1.0,1.0,R,1.0
H57D,1,1.0,1.0,R,1.0
H57D,1,1.0,1.0,R,1.0
H57D,1,1.0,1.0,R,1.0
H57D,1,1.0,1.0,R,1.0
H57D,1,1.0,1.0,R,1.0
H57D,1,1.0,1.0,R,1.0
H57D,1,1.0,1.0,R,1.0
H57D,1,1.0,1.0,R,1.0
H57D,1,1.0,1.0,R,1.0
H57D,1,1.0,1.0,R,1.0
H57D,1,1.0,1.0,R,1.0
H57D,1,1.0,1.0,R,1.0
H57D,1,1.0,1.0,R,1.0
H57D,1,1.0,1.0,R,1.0
H57D,1,1.0,1.0,R,1.0
H57D,1,1.0,1.0,R,1.0
H57D,1,1.0,1.0,R,1.0
H57D,1,1.0,1.0,R,1.0
H57D,1,1.0,1.0,R,1.0
H57D,1,1.0,1.0,R,1.0
H57D,1,1.0,1.0,R,1.0
H57D,1,1.0,1.0,R,1.0
H57D,1,1.0,1.0,R,1.0
H57D,1,1.0,1.0,R,1.0
H57D,1,1.0,1.0,R,1.0
H57D,1,1.0,1.0,R,1.0
H57D,1,1.0,1.0,R,1.0
H57D,1,1.0,1.0,R,1.0
H57D,1,1.0,1.0,R,1.0
H57D,1,1.0,1.0,R,1.0
H57D,1,1.0,1.0,R,1.0
H57D,1,1.0,1.0,R,1.0
H57D,1,1.0,1.0,R,1.0
H57D,1,1.0,1.0,R,1.0
H57D,1,1.0,1.0,R,1.0
H57D,1,1.0,1.0,R,1.0
H57D,1,1.0,1.0,R,1.0
H57D,1,1.0,1.0,R,1.0
H57D,1,1.0,1.0,R,1.0
H57D,1,1.0,1.0,R,1.0
H57D,1,1.0,1.0,R,1.0
H57D,1,1.0,1.0,R,1.0
H57D,1,1.0,1.0,R,1.0
H57D,1,1.0,1.0,R,1.0
H57D,1,1.0,1.0,R,1.0
H57D,1,1.0,1.0,R,1.0
H57D,1,1.0,1.0,R,1.0
H57D,1,1.0,1.0,R,1.0
H57D,1,1.0,1.0,R,1.0
H57D,1,1.0,1.0,R,1.0
H57D,1,1.0,1.0,R,1.0
H57D,1,1.0,1.0,R,1.0
H57D,1,1.0,1.0,R,1.0
H57D,1,1.0,1.0,R,1.0
H57D,1,1.0,1.0,R,1.0
H57D,1,1.0,1.0,R,1.0
H57D,1,1.0,1.0,R,1.0
H57D,1,1.0,1.0,R,1.0
H57D,1,1.0,1.0,R,1.0
H57D,1,1.0,1.0,R,1.0
H57D,1,1.0,1.0,R,1.0
H57D,1,1.0,1.0,R,1.0
H57D,1,1.0,1.0,R,1.0
H57D,1,1.0,1.0,R,1.0
H57D,1,1.0,1.0,R,1.0
H57D,1,1.0,1.0,R,1.0
H57D,1,1.0,1.0,R,1.0
H57D,1,1.0,1.0,R,1.0
H57D,1,1.0,1.0,R,1.0
H57D,1,1.0,1.0,R,1.0
H57D,1,1.0,1.0,R,1.0
H57D,1,1.0,1.0,R,1.0
H57D,1,1.0,1.0,R,1.0
H57D,1,1.0,1.0,R,1.0
H57D,1,1.0,1.0,R,1.0
H57D,1,1.0,1.0,R,1.0
H57D,1,1.0,1.0,R,1.0
H57D,1,1.0,1.0,R,1.0
H57D,1,1.0,1.0,R,1.0
H57D,1,1.0,1.0,R,1.0
H57D,1,1.0,1.0,R,1.0
H57D,1,1.0,1.0,R,1.0
H57D,1,1.0,1.0,R,1.0
H57D,1,1.0,1.0,R,1.0
H57D,1,1.0,1.0,R,1.0
H57D,1,1.0,1.0,R,1.0
H57D,1,1.0,1.0,R,1.0
H57D,1,1.0,1.0,R,1.0
H57D,1,1.0,1.0,R,1.0
H57D,1,1.0,1.0,R,1.0
H57D,1,1.0,1.0,R,1.0
H57D,1,1.0,1.0,R,1.0
H57D,1,1.0,1.0,R,1.0
H57D,1,1.0,1.0,R,1.0
H57D,1,1.0,1.0,R,1.0
H57D,1,1.0,1.0,R,1.0
H57D,1,1.0,1.0,R,1.0
H57D,1,1.0,1.0,R,1.0
H57D,1,1.0,1.0,R,1.0
H57D,1,1.0,1.0,R,1.0
H57D,1,1.0,1.0,R,1.0
H57D,1,1.0,1.0,R,1.0
H57D,1,1.0,1.0,R,1.0
H57D,1,1.0,1.0,R,1.0
H57D,1,1.0,1.0,R,1.0
H57D,1,1.0,1.0,R,1.0
H57D,1,1.0,1.0,R,1.0
H57D,1,1.0,1.0,R,1.0
H57D,1,1.0,1.0,R,1.0
H57D,1,1.0,1.0,R,1.0
H57D,1,1.0,1.0,R,1.0
H57D,1,1.0,1.0,R,1.0
H57D,1,1.0,1.0,R,1.0
H57D,1,1.0,1.0,R,1.0
H57D,1,1.0,1.0,R,1.0
H57D,1,1.0,1.0,R,1.0
H57D,1,1.0,1.0,R,1.0
H57D,1,1.0,1.0,R,1.0
H57D,1,1.0,1.0,R,1.0
H57D,1,1.0,1.0,R,1.0
H57D,1,1.0,1.0,R,1.0
H57D,1,1.0,1.0,R,1.0
H57D,1,1.0,1.0,R,1.0
H57D,1,1.0,1.0,R,1.0
H57D,1,1.0,1.0,R,1.0
H57D,1,1.0,1.0,R,1.0
H57D,1,1.0,1.0,R,1.0
H57D,1,1.0,1.0,R,1.0
H57D,1,1.0,1.0,R,1.0
H57D,1,1.0,1.0,R,1.0
H57D,1,1.0,1.0,R,1.0
H57D,1,1.0,1.0,R,1.0
H57D,1,1.0,1.0,R,1.0
H57D,1,1.0,1.0,R,1.0
H57D,1,1.0,1.0,R,1.0
H57D,1,1.0,1.0,R,1.0
H57D,1,1.0,1.0,R,1.0
H57D,1,1.0,1.0,R,1.0
H57D,1,1.0,1.0,R,1.0
H57D,1,1.0,1.0,R,1.0
H57D,1,1.0,1.0,R,1.0
H57D,1,1.0,1.0,S,0.0
H57D,1,1.0,1.0,S,0.0
H57D,1,1.0,1.0,S,0.0
H57D,1,1.0,1.0,S,0.0
H57D,1,1.0,1.0,S,0.0
H57L,1,1.0,,R,1.0
H57L,1,1.0,,R,1.0
H57L,1,1.0,,R,1.0
H57L,1,1.0,,R,1.0
H57L,1,1.0,,R,1.0
H57L,1,1.0,,R,1.0
H57P,1,1.0,,R,1.0
H57P,1,1.0,,R,1.0
H57P,1,1.0,,R,1.0
H57Q,1,1.0,,R,1.0
H57Q,1,1.0,,R,1.0
H57R,1,1.0,,R,1.0
H57R,1,1.0,,R,1.0
H57R,1,1.0,,R,1.0
H57R,1,1.0,,R,1.0
H57R,1,1.0,,R,1.0
H57R,1,1.0,,R,1.0
H57R,1,1.0,,R,1.0
H57R,1,1.0,,R,1.0
H57R,1,1.0,,R,1.0
H57R,1,1.0,,R,1.0
H57R,1,1.0,,R,1.0
H57R,1,1.0,,R,1.0
H57R,1,1.0,,R,1.0
H57R,1,1.0,,R,1.0
H57R,1,1.0,,R,1.0
H57R,1,1.0,,R,1.0
H57R,1,1.0,,R,1.0
H57R,1,1.0,,R,1.0
H57R,1,1.0,,R,1.0
H57R,1,1.0,,R,1.0
H57R,1,1.0,,R,1.0
H57R,1,1.0,,R,1.0
H57R,1,1.0,,R,1.0
H57R,1,1.0,,R,1.0
H57R,1,1.0,,R,1.0
H57R,1,1.0,,R,1.0
H57R,1,1.0,,R,1.0
H57R,1,1.0,,R,1.0
H57R,1,1.0,,R,1.0
H57R,1,1.0,,R,1.0
H57R,1,1.0,,R,1.0
H57R,1,1.0,,R,1.0
H57R,1,1.0,,R,1.0
H57R,1,1.0,,R,1.0
H57R,1,1.0,,R,1.0
H57R,1,1.0,,R,1.0
H57R,1,1.0,,R,1.0
H57R,1,1.0,,R,1.0
H57R,1,1.0,,R,1.0
H57R,1,1.0,,R,1.0
H57R,1,1.0,,R,1.0
H57R,1,1.0,,R,1.0
H57R,1,1.0,,R,1.0
H57R,1,1.0,,R,1.0
H57R,1,1.0,,R,1.0
H57R,1,1.0,,R,1.0
H57R,1,1.0,,R,1.0
H57R,1,1.0,,R,1.0
H57R,1,1.0,,R,1.0
H57R,1,1.0,,R,1.0
H57R,1,1.0,,R,1.0
H57R,1,1.0,,R,1.0
H57R,1,1.0,,R,1.0
H57R,1,1.0,,R,1.0
H57R,1,1.0,,R,1.0
H57R,1,1.0,,R,1.0
H57R,1,1.0,,R,1.0
H57R,1,1.0,,R,1.0
H57R,1,1.0,,R,1.0
H57R,1,1.0,,S,0.0
H57Y,1,1.0,,R,1.0
H57Y,1,1.0,,R,1.0
H57Y,1,1.0,,R,1.0
H57Y,1,1.0,,R,1.0
H57Y,1,1.0,,R,1.0
H57Y,1,1.0,,R,1.0
H57Y,1,1.0,,R,1.0
H57Y,1,1.0,,R,1.0
H57Y,1,1.0,,R,1.0
H57Y,1,1.0,,R,1.0
H57Y,1,1.0,,R,1.0
H57Y,1,1.0,,R,1.0
H57Y,1,1.0,,R,1.0
H57Y,1,1.0,,R,1.0
H57Y,1,1.0,,S,0.0
H71P,1,1.0,,R,1.0
H71P,1,1.0,,R,1.0
H71P,1,1.0,,R,1.0
H71P,1,1.0,,R,1.0
H71P,1,1.0,,R,1.0
H71Q,1,1.0,,R,1.0
H71Q,1,1.0,,R,1.0
H71Q,1,1.0,,R,1.0
H71Q,1,1.0,,R,1.0
H71Y,1,1.0,1.0,R,1.0
H71Y,1,1.0,1.0,R,1.0
H71Y,1,1.0,1.0,R,1.0
H71Y,1,1.0,1.0,R,1.0
H71Y,1,1.0,1.0,R,1.0
H71Y,1,1.0,1.0,R,1.0
H71Y,1,1.0,1.0,R,1.0
H71Y,1,1.0,1.0,R,1.0
H71Y,1,1.0,1.0,R,1.0
H71Y,1,1.0,1.0,R,1.0
H71Y,1,1.0,1.0,R,1.0
H71Y,1,1.0,1.0,R,1.0
H71Y,1,1.0,1.0,R,1.0
H71Y,1,1.0,1.0,R,1.0
H71Y,1,1.0,1.0,R,1.0
H71Y,1,1.0,1.0,R,1.0
H71Y,1,1.0,1.0,R,1.0
H71Y,1,1.0,1.0,R,1.0
H71Y,1,1.0,1.0,R,1.0
H71Y,1,1.0,1.0,R,1.0
H71Y,1,1.0,1.0,R,1.0
H71Y,1,1.0,1.0,R,1.0
H71Y,1,1.0,1.0,R,1.0
H71Y,1,1.0,1.0,R,1.0
H71Y,1,1.0,1.0,R,1.0
H71Y,1,1.0,1.0,R,1.0
H71Y,1,1.0,1.0,R,1.0
H71Y,1,1.0,1.0,R,1.0
H71Y,1,1.0,1.0,R,1.0
H71Y,1,1.0,1.0,R,1.0
H71Y,1,1.0,1.0,R,1.0
H71Y,1,1.0,1.0,R,1.0
H71Y,1,1.0,1.0,S,0.0
H71Y,1,1.0,1.0,S,0.0
H71Y,1,1.0,1.0,S,0.0
H71Y,1,1.0,1.0,S,0.0
H82D,1,0.0,,R,1.0
H82D,1,0.0,,R,1.0
H82D,1,0.0,,S,0.0
H82D,1,0.0,,S,0.0
H82D,1,0.0,,S,0.0
H82D,1,0.0,,S,0.0
H82D,1,0.0,,S,0.0
H82D,1,0.0,,S,0.0
H82D,1,0.0,,S,0.0
H82D,1,0.0,,S,0.0
H82D,1,0.0,,S,0.0
H82D,1,0.0,,S,0.0
H82D,1,0.0,,S,0.0
H82R,1,1.0,,R,1.0
H82R,1,1.0,,R,1.0
H82R,1,1.0,,R,1.0
H82R,1,1.0,,R,1.0
H82R,1,1.0,,R,1.0
H82R,1,1.0,,R,1.0
H82R,1,1.0,,R,1.0
H82R,1,1.0,,R,1.0
H82R,1,1.0,,R,1.0
H82R,1,1.0,,R,1.0
H82R,1,1.0,,R,1.0
H82R,1,1.0,,R,1.0
H82R,1,1.0,,R,1.0
H82R,1,1.0,,R,1.0
H82R,1,1.0,,R,1.0
H82R,1,1.0,,R,1.0
H82R,1,1.0,,R,1.0
H82R,1,1.0,,R,1.0
H82R,1,1.0,,R,1.0
H82R,1,1.0,,R,1.0
H82R,1,1.0,,R,1.0
H82R,1,1.0,,R,1.0
H82R,1,1.0,,R,1.0
H82R,1,1.0,,S,0.0
H82R,1,1.0,,S,0.0
I31N,1,,1.0,,
I31S,1,1.0,1.0,R,1.0
I31S,1,1.0,1.0,R,1.0
I31S,1,1.0,1.0,R,1.0
I31S,1,1.0,1.0,R,1.0
I31S,1,1.0,1.0,R,1.0
I31S,1,1.0,1.0,R,1.0
I31S,1,1.0,1.0,R,1.0
I31S,1,1.0,1.0,R,1.0
I31S,1,1.0,1.0,R,1.0
I31S,1,1.0,1.0,R,1.0
I31S,1,1.0,1.0,R,1.0
I31S,1,1.0,1.0,R,1.0
I31S,1,1.0,1.0,R,1.0
I31S,1,1.0,1.0,R,1.0
I31S,1,1.0,1.0,R,1.0
I31S,1,1.0,1.0,R,1.0
I31S,1,1.0,1.0,R,1.0
I31S,1,1.0,1.0,R,1.0
I31S,1,1.0,1.0,R,1.0
I31S,1,1.0,1.0,R,1.0
I31S,1,1.0,1.0,R,1.0
I31S,1,1.0,1.0,R,1.0
I31S,1,1.0,1.0,R,1.0
I31S,1,1.0,1.0,R,1.0
I31S,1,1.0,1.0,R,1.0
I31S,1,1.0,1.0,R,1.0
I31S,1,1.0,1.0,S,0.0
I31S,1,1.0,1.0,S,0.0
I31S,1,1.0,1.0,S,0.0
I5S,1,1.0,,R,1.0
I5S,1,1.0,,R,1.0
I5S,1,1.0,,R,1.0
I5S,1,1.0,,R,1.0
I5S,1,1.0,,S,0.0
I5T,1,0.0,,R,1.0
I5T,1,0.0,,S,0.0
I5T,1,0.0,,S,0.0
I5T,1,0.0,,S,0.0
I6L,0,0.0,,R,1.0
I6L,0,0.0,,R,1.0
I6L,0,0.0,,R,1.0
I6L,0,0.0,,R,1.0
I6L,0,0.0,,R,1.0
I6L,0,0.0,,R,1.0
I6L,0,0.0,,R,1.0
I6L,0,0.0,,R,1.0
I6L,0,0.0,,R,1.0
I6L,0,0.0,,R,1.0
I6L,0,0.0,,R,1.0
I6L,0,0.0,,R,1.0
I6L,0,0.0,,R,1.0
I6L,0,0.0,,R,1.0
I6L,0,0.0,,R,1.0
I6L,0,0.0,,R,1.0
I6L,0,0.0,,S,0.0
I6L,0,0.0,,S,0.0
I6L,0,0.0,,S,0.0
I6L,0,0.0,,S,0.0
I6L,0,0.0,,S,0.0
I6L,0,0.0,,S,0.0
I6L,0,0.0,,S,0.0
I6L,0,0.0,,S,0.0
I6L,0,0.0,,S,0.0
I6L,0,0.0,,S,0.0
I6L,0,0.0,,S,0.0
I6L,0,0.0,,S,0.0
I6L,0,0.0,,S,0.0
I6L,0,0.0,,S,0.0
I6L,0,0.0,,S,0.0
I6L,0,0.0,,S,0.0
I6L,0,0.0,,S,0.0
I6L,0,0.0,,S,0.0
I6L,0,0.0,,S,0.0
I6L,0,0.0,,S,0.0
I6L,0,0.0,,S,0.0
I6L,0,0.0,,S,0.0
I6L,0,0.0,,S,0.0
I6L,0,0.0,,S,0.0
I6L,0,0.0,,S,0.0
I6L,0,0.0,,S,0.0
I6L,0,0.0,,S,0.0
I6L,0,0.0,,S,0.0
I6L,0,0.0,,S,0.0
I6L,0,0.0,,S,0.0
I6L,0,0.0,,S,0.0
I6L,0,0.0,,S,0.0
I6L,0,0.0,,S,0.0
I6L,0,0.0,,S,0.0
I6L,0,0.0,,S,0.0
I6L,0,0.0,,S,0.0
I6L,0,0.0,,S,0.0
I6L,0,0.0,,S,0.0
I6L,0,0.0,,S,0.0
I6L,0,0.0,,S,0.0
I6L,0,0.0,,S,0.0
I6L,0,0.0,,S,0.0
I6L,0,0.0,,S,0.0
I6L,0,0.0,,S,0.0
I6L,0,0.0,,S,0.0
I6L,0,0.0,,S,0.0
I6L,0,0.0,,S,0.0
I6L,0,0.0,,S,0.0
I6L,0,0.0,,S,0.0
I6L,0,0.0,,S,0.0
I6L,0,0.0,,S,0.0
I6L,0,0.0,,S,0.0
I6L,0,0.0,,S,0.0
I6L,0,0.0,,S,0.0
I6L,0,0.0,,S,0.0
I6L,0,0.0,,S,0.0
I6L,0,0.0,,S,0.0
I6L,0,0.0,,S,0.0
I6L,0,0.0,,S,0.0
I6L,0,0.0,,S,0.0
I6L,0,0.0,,S,0.0
I6L,0,0.0,,S,0.0
I6L,0,0.0,,S,0.0
I6L,0,0.0,,S,0.0
I6L,0,0.0,,S,0.0
I6L,0,0.0,,S,0.0
I6L,0,0.0,,S,0.0
I6L,0,0.0,,S,0.0
I6L,0,0.0,,S,0.0
I6L,0,0.0,,S,0.0
I6L,0,0.0,,S,0.0
I6L,0,0.0,,S,0.0
I6L,0,0.0,,S,0.0
I6L,0,0.0,,S,0.0
I6L,0,0.0,,S,0.0
I6L,0,0.0,,S,0.0
I6L,0,0.0,,S,0.0
I6L,0,0.0,,S,0.0
I6L,0,0.0,,S,0.0
I6L,0,0.0,,S,0.0
I6L,0,0.0,,S,0.0
I6L,0,0.0,,S,0.0
I6L,0,0.0,,S,0.0
I6L,0,0.0,,S,0.0
I6L,0,0.0,,S,0.0
I6L,0,0.0,,S,0.0
I6L,0,0.0,,S,0.0
I6L,0,0.0,,S,0.0
I6L,0,0.0,,S,0.0
I6L,0,0.0,,S,0.0
I6L,0,0.0,,S,0.0
I6L,0,0.0,,S,0.0
I6L,0,0.0,,S,0.0
I6L,0,0.0,,S,0.0
I6L,0,0.0,,S,0.0
I6L,0,0.0,,S,0.0
I6L,0,0.0,,S,0.0
I6L,0,0.0,,S,0.0
I6L,0,0.0,,S,0.0
I6L,0,0.0,,S,0.0
I6L,0,0.0,,S,0.0
I6L,0,0.0,,S,0.0
I6L,0,0.0,,S,0.0
I6L,0,0.0,,S,0.0
I6L,0,0.0,,S,0.0
I6L,0,0.0,,S,0.0
I6L,0,0.0,,S,0.0
I6L,0,0.0,,S,0.0
I6L,0,0.0,,S,0.0
I6L,0,0.0,,S,0.0
I6L,0,0.0,,S,0.0
I6L,0,0.0,,S,0.0
I6L,0,0.0,,S,0.0
I6L,0,0.0,,S,0.0
I6L,0,0.0,,S,0.0
I6L,0,0.0,,S,0.0
I6L,0,0.0,,S,0.0
I6L,0,0.0,,S,0.0
I6L,0,0.0,,S,0.0
I6L,0,0.0,,S,0.0
I6L,0,0.0,,S,0.0
I6L,0,0.0,,S,0.0
I6L,0,0.0,,S,0.0
I6L,0,0.0,,S,0.0
I6L,0,0.0,,S,0.0
I6L,0,0.0,,S,0.0
I6L,0,0.0,,S,0.0
I6L,0,0.0,,S,0.0
I6L,0,0.0,,S,0.0
I6L,0,0.0,,S,0.0
I6L,0,0.0,,S,0.0
I6L,0,0.0,,S,0.0
I6L,0,0.0,,S,0.0
I6L,0,0.0,,S,0.0
I6L,0,0.0,,S,0.0
I6L,0,0.0,,S,0.0
I6L,0,0.0,,S,0.0
I6L,0,0.0,,S,0.0
I6L,0,0.0,,S,0.0
I6L,0,0.0,,S,0.0
I6L,0,0.0,,S,0.0
I6L,0,0.0,,S,0.0
I6L,0,0.0,,S,0.0
I6L,0,0.0,,S,0.0
I6L,0,0.0,,S,0.0
I6L,0,0.0,,S,0.0
I6L,0,0.0,,S,0.0
I6L,0,0.0,,S,0.0
I6L,0,0.0,,S,0.0
I6L,0,0.0,,S,0.0
I6L,0,0.0,,S,0.0
I6L,0,0.0,,S,0.0
I6L,0,0.0,,S,0.0
I6L,0,0.0,,S,0.0
I6L,0,0.0,,S,0.0
I6L,0,0.0,,S,0.0
I6L,0,0.0,,S,0.0
I6L,0,0.0,,S,0.0
I6L,0,0.0,,S,0.0
I6L,0,0.0,,S,0.0
I6L,0,0.0,,S,0.0
I6L,0,0.0,,S,0.0
I6L,0,0.0,,S,0.0
I6L,0,0.0,,S,0.0
I6L,0,0.0,,S,0.0
I6L,0,0.0,,S,0.0
I6L,0,0.0,,S,0.0
I6L,0,0.0,,S,0.0
I6L,0,0.0,,S,0.0
I6L,0,0.0,,S,0.0
I6L,0,0.0,,S,0.0
I6L,0,0.0,,S,0.0
I6L,0,0.0,,S,0.0
I6L,0,0.0,,S,0.0
I6L,0,0.0,,S,0.0
I6L,0,0.0,,S,0.0
I6L,0,0.0,,S,0.0
I6L,0,0.0,,S,0.0
I6L,0,0.0,,S,0.0
I6L,0,0.0,,S,0.0
I6L,0,0.0,,S,0.0
I6L,0,0.0,,S,0.0
I6L,0,0.0,,S,0.0
I6L,0,0.0,,S,0.0
I6L,0,0.0,,S,0.0
I6L,0,0.0,,S,0.0
I6L,0,0.0,,S,0.0
I6L,0,0.0,,S,0.0
I6L,0,0.0,,S,0.0
I6L,0,0.0,,S,0.0
I6L,0,0.0,,S,0.0
I6L,0,0.0,,S,0.0
I6L,0,0.0,,S,0.0
I6L,0,0.0,,S,0.0
I6L,0,0.0,,S,0.0
I6L,0,0.0,,S,0.0
I6L,0,0.0,,S,0.0
I6L,0,0.0,,S,0.0
I6L,0,0.0,,S,0.0
I6L,0,0.0,,S,0.0
I6L,0,0.0,,S,0.0
I6L,0,0.0,,S,0.0
I6L,0,0.0,,S,0.0
I6L,0,0.0,,S,0.0
I6L,0,0.0,,S,0.0
I6L,0,0.0,,S,0.0
I6L,0,0.0,,S,0.0
I6L,0,0.0,,S,0.0
I6L,0,0.0,,S,0.0
I6L,0,0.0,,S,0.0
I6L,0,0.0,,S,0.0
I6L,0,0.0,,S,0.0
I6L,0,0.0,,S,0.0
I6L,0,0.0,,S,0.0
I6L,0,0.0,,S,0.0
I6L,0,0.0,,S,0.0
I6L,0,0.0,,S,0.0
I6L,0,0.0,,S,0.0
I6L,0,0.0,,S,0.0
I6L,0,0.0,,S,0.0
I6L,0,0.0,,S,0.0
I6L,0,0.0,,S,0.0
I6L,0,0.0,,S,0.0
I6L,0,0.0,,S,0.0
I6L,0,0.0,,S,0.0
I6L,0,0.0,,S,0.0
I6L,0,0.0,,S,0.0
I6L,0,0.0,,S,0.0
I6L,0,0.0,,S,0.0
I6L,0,0.0,,S,0.0
I6L,0,0.0,,S,0.0
I6L,0,0.0,,S,0.0
I6L,0,0.0,,S,0.0
I6L,0,0.0,,S,0.0
I6L,0,0.0,,S,0.0
I6L,0,0.0,,S,0.0
I6L,0,0.0,,S,0.0
I6L,0,0.0,,S,0.0
I6L,0,0.0,,S,0.0
I6L,0,0.0,,S,0.0
I6L,0,0.0,,S,0.0
I6L,0,0.0,,S,0.0
I6L,0,0.0,,S,0.0
I6L,0,0.0,,S,0.0
I6L,0,0.0,,S,0.0
I6L,0,0.0,,S,0.0
I6L,0,0.0,,S,0.0
I6L,0,0.0,,S,0.0
I6L,0,0.0,,S,0.0
I6L,0,0.0,,S,0.0
I6L,0,0.0,,S,0.0
I6L,0,0.0,,S,0.0
I6L,0,0.0,,S,0.0
I6L,0,0.0,,S,0.0
I6L,0,0.0,,S,0.0
I6L,0,0.0,,S,0.0
I6L,0,0.0,,S,0.0
I6L,0,0.0,,S,0.0
I6L,0,0.0,,S,0.0
I6L,0,0.0,,S,0.0
I6L,0,0.0,,S,0.0
I6L,0,0.0,,S,0.0
I6L,0,0.0,,S,0.0
I6L,0,0.0,,S,0.0
I6L,0,0.0,,S,0.0
I6L,0,0.0,,S,0.0
I6L,0,0.0,,S,0.0
I6L,0,0.0,,S,0.0
I6L,0,0.0,,S,0.0
I6L,0,0.0,,S,0.0
I6L,0,0.0,,S,0.0
I6L,0,0.0,,S,0.0
I6L,0,0.0,,S,0.0
I6L,0,0.0,,S,0.0
I6L,0,0.0,,S,0.0
I6L,0,0.0,,S,0.0
I6L,0,0.0,,S,0.0
I6L,0,0.0,,S,0.0
I6L,0,0.0,,S,0.0
I6L,0,0.0,,S,0.0
I6L,0,0.0,,S,0.0
I6L,0,0.0,,S,0.0
I6L,0,0.0,,S,0.0
I6L,0,0.0,,S,0.0
I6L,0,0.0,,S,0.0
I6L,0,0.0,,S,0.0
I6L,0,0.0,,S,0.0
I6L,0,0.0,,S,0.0
I6L,0,0.0,,S,0.0
I6L,0,0.0,,S,0.0
I6L,0,0.0,,S,0.0
I6L,0,0.0,,S,0.0
I6L,0,0.0,,S,0.0
I6L,0,0.0,,S,0.0
I6L,0,0.0,,S,0.0
I6L,0,0.0,,S,0.0
I6L,0,0.0,,S,0.0
I6L,0,0.0,,S,0.0
I6L,0,0.0,,S,0.0
I6L,0,0.0,,S,0.0
I6L,0,0.0,,S,0.0
I6L,0,0.0,,S,0.0
I6L,0,0.0,,S,0.0
I6L,0,0.0,,S,0.0
I6L,0,0.0,,S,0.0
I6L,0,0.0,,S,0.0
I6L,0,0.0,,S,0.0
I6L,0,0.0,,S,0.0
I6L,0,0.0,,S,0.0
I6L,0,0.0,,S,0.0
I6L,0,0.0,,S,0.0
I6L,0,0.0,,S,0.0
I6L,0,0.0,,S,0.0
I6L,0,0.0,,S,0.0
I6L,0,0.0,,S,0.0
I6L,0,0.0,,S,0.0
I6L,0,0.0,,S,0.0
I6L,0,0.0,,S,0.0
I6L,0,0.0,,S,0.0
I6L,0,0.0,,S,0.0
I6L,0,0.0,,S,0.0
I6L,0,0.0,,S,0.0
I6L,0,0.0,,S,0.0
I6L,0,0.0,,S,0.0
I6L,0,0.0,,S,0.0
I6L,0,0.0,,S,0.0
I6L,0,0.0,,S,0.0
I6L,0,0.0,,S,0.0
I6L,0,0.0,,S,0.0
I6L,0,0.0,,S,0.0
I6L,0,0.0,,S,0.0
I6L,0,0.0,,S,0.0
I6L,0,0.0,,S,0.0
I6L,0,0.0,,S,0.0
I6L,0,0.0,,S,0.0
I6L,0,0.0,,S,0.0
I6L,0,0.0,,S,0.0
I6L,0,0.0,,S,0.0
I6L,0,0.0,,S,0.0
I6L,0,0.0,,S,0.0
I6L,0,0.0,,S,0.0
I6L,0,0.0,,S,0.0
I6L,0,0.0,,S,0.0
I6L,0,0.0,,S,0.0
I6L,0,0.0,,S,0.0
I6L,0,0.0,,S,0.0
I6L,0,0.0,,S,0.0
I6L,0,0.0,,S,0.0
I6L,0,0.0,,S,0.0
I6L,0,0.0,,S,0.0
I6L,0,0.0,,S,0.0
I6L,0,0.0,,S,0.0
I6L,0,0.0,,S,0.0
I6L,0,0.0,,S,0.0
I6L,0,0.0,,S,0.0
I6L,0,0.0,,S,0.0
I6L,0,0.0,,S,0.0
I6L,0,0.0,,S,0.0
I6L,0,0.0,,S,0.0
I6L,0,0.0,,S,0.0
I6L,0,0.0,,S,0.0
I6L,0,0.0,,S,0.0
I6L,0,0.0,,S,0.0
I6L,0,0.0,,S,0.0
I6L,0,0.0,,S,0.0
I6L,0,0.0,,S,0.0
I6L,0,0.0,,S,0.0
I6S,1,1.0,,R,1.0
I6S,1,1.0,,R,1.0
I6S,1,1.0,,R,1.0
I6T,1,1.0,,R,1.0
I6T,1,1.0,,R,1.0
I6T,1,1.0,,R,1.0
I6T,1,1.0,,R,1.0
I6T,1,1.0,,R,1.0
I6T,1,1.0,,R,1.0
I6T,1,1.0,,R,1.0
I6T,1,1.0,,R,1.0
I6T,1,1.0,,R,1.0
I6T,1,1.0,,R,1.0
I6T,1,1.0,,R,1.0
I6T,1,1.0,,R,1.0
I6T,1,1.0,,R,1.0
I6T,1,1.0,,R,1.0
I6T,1,1.0,,R,1.0
I6V,1,0.0,,S,0.0
I6V,1,0.0,,S,0.0
I90T,1,1.0,,R,1.0
I90T,1,1.0,,R,1.0
K48N,1,0.0,,S,0.0
K48N,1,0.0,,S,0.0
K96E,1,1.0,,R,1.0
K96E,1,1.0,,R,1.0
K96E,1,1.0,,R,1.0
K96E,1,1.0,,R,1.0
K96E,1,1.0,,R,1.0
K96E,1,1.0,,R,1.0
K96E,1,1.0,,R,1.0
K96E,1,1.0,,R,1.0
K96E,1,1.0,,R,1.0
K96E,1,1.0,,R,1.0
K96E,1,1.0,,R,1.0
K96E,1,1.0,,R,1.0
K96E,1,1.0,,R,1.0
K96E,1,1.0,,R,1.0
K96E,1,1.0,,R,1.0
K96E,1,1.0,,S,0.0
K96E,1,1.0,,S,0.0
K96N,1,1.0,,R,1.0
K96N,1,1.0,,R,1.0
K96R,1,1.0,,R,1.0
K96R,1,1.0,,R,1.0
K96R,1,1.0,,R,1.0
K96R,1,1.0,,R,1.0
K96R,1,1.0,,R,1.0
K96R,1,1.0,,R,1.0
K96R,1,1.0,,R,1.0
K96R,1,1.0,,R,1.0
K96R,1,1.0,,R,1.0
K96R,1,1.0,,R,1.0
K96R,1,1.0,,R,1.0
K96R,1,1.0,,S,0.0
K96R,1,1.0,,S,0.0
K96R,1,1.0,,S,0.0
K96T,1,1.0,,R,1.0
K96T,1,1.0,,R,1.0
K96T,1,1.0,,R,1.0
K96T,1,1.0,,R,1.0
K96T,1,1.0,,R,1.0
K96T,1,1.0,,R,1.0
K96T,1,1.0,,R,1.0
K96T,1,1.0,,R,1.0
K96T,1,1.0,,R,1.0
K96T,1,1.0,,R,1.0
K96T,1,1.0,,R,1.0
K96T,1,1.0,,R,1.0
K96T,1,1.0,,R,1.0
K96T,1,1.0,,R,1.0
K96T,1,1.0,,R,1.0
K96T,1,1.0,,R,1.0
K96T,1,1.0,,R,1.0
K96T,1,1.0,,R,1.0
K96T,1,1.0,,R,1.0
K96T,1,1.0,,R,1.0
K96T,1,1.0,,R,1.0
K96T,1,1.0,,R,1.0
K96T,1,1.0,,R,1.0
K96T,1,1.0,,R,1.0
L116R,1,1.0,,R,1.0
L116R,1,1.0,,R,1.0
L116R,1,1.0,,R,1.0
L116R,1,1.0,,R,1.0
L120P,1,1.0,1.0,R,1.0
L120P,1,1.0,1.0,R,1.0
L120P,1,1.0,1.0,R,1.0
L120P,1,1.0,1.0,R,1.0
L120P,1,1.0,1.0,R,1.0
L120P,1,1.0,1.0,R,1.0
L120P,1,1.0,1.0,R,1.0
L120P,1,1.0,1.0,R,1.0
L120P,1,1.0,1.0,R,1.0
L120P,1,1.0,1.0,R,1.0
L120P,1,1.0,1.0,R,1.0
L120P,1,1.0,1.0,R,1.0
L120P,1,1.0,1.0,R,1.0
L120P,1,1.0,1.0,R,1.0
L120P,1,1.0,1.0,R,1.0
L120P,1,1.0,1.0,R,1.0
L120P,1,1.0,1.0,R,1.0
L120P,1,1.0,1.0,R,1.0
L120Q,1,1.0,,R,1.0
L120Q,1,1.0,,R,1.0
L120Q,1,1.0,,R,1.0
L120Q,1,1.0,,R,1.0
L120Q,1,1.0,,R,1.0
L120Q,1,1.0,,R,1.0
L120R,1,1.0,1.0,R,1.0
L120R,1,1.0,1.0,R,1.0
L120R,1,1.0,1.0,R,1.0
L120R,1,1.0,1.0,R,1.0
L120R,1,1.0,1.0,R,1.0
L120R,1,1.0,1.0,R,1.0
L120R,1,1.0,1.0,R,1.0
L120R,1,1.0,1.0,S,0.0
L120R,1,1.0,1.0,S,0.0
L151S,1,1.0,,R,1.0
L151S,1,1.0,,R,1.0
L151S,1,1.0,,R,1.0
L151S,1,1.0,,R,1.0
L151S,1,1.0,,R,1.0
L151S,1,1.0,,R,1.0
L151S,1,1.0,,R,1.0
L151S,1,1.0,,R,1.0
L151S,1,1.0,,R,1.0
L151S,1,1.0,,R,1.0
L151S,1,1.0,,R,1.0
L151S,1,1.0,,R,1.0
L151S,1,1.0,,S,0.0
L151S,1,1.0,,S,0.0
L151S,1,1.0,,S,0.0
L151S,1,1.0,,S,0.0
L156P,1,1.0,1.0,R,1.0
L156P,1,1.0,1.0,R,1.0
L156P,1,1.0,1.0,R,1.0
L156P,1,1.0,1.0,S,0.0
L159R,1,1.0,,R,1.0
L159R,1,1.0,,R,1.0
L159R,1,1.0,,R,1.0
L159R,1,1.0,,R,1.0
L159R,1,1.0,,R,1.0
L159R,1,1.0,,R,1.0
L159R,1,1.0,,R,1.0
L159R,1,1.0,,R,1.0
L159R,1,1.0,,R,1.0
L172P,1,1.0,1.0,R,1.0
L172P,1,1.0,1.0,R,1.0
L172P,1,1.0,1.0,R,1.0
L172P,1,1.0,1.0,R,1.0
L172P,1,1.0,1.0,R,1.0
L172P,1,1.0,1.0,R,1.0
L172P,1,1.0,1.0,R,1.0
L172P,1,1.0,1.0,R,1.0
L172P,1,1.0,1.0,R,1.0
L172P,1,1.0,1.0,R,1.0
L172P,1,1.0,1.0,R,1.0
L172P,1,1.0,1.0,R,1.0
L172P,1,1.0,1.0,R,1.0
L172P,1,1.0,1.0,R,1.0
L172P,1,1.0,1.0,R,1.0
L172P,1,1.0,1.0,R,1.0
L172P,1,1.0,1.0,R,1.0
L172P,1,1.0,1.0,R,1.0
L172P,1,1.0,1.0,R,1.0
L172P,1,1.0,1.0,R,1.0
L172P,1,1.0,1.0,S,0.0
L172P,1,1.0,1.0,S,0.0
L172R,0,1.0,,R,1.0
L172R,0,1.0,,R,1.0
L182F,0,0.0,,S,0.0
L182F,0,0.0,,S,0.0
L182F,0,0.0,,S,0.0
L182F,0,0.0,,S,0.0
L182F,0,0.0,,S,0.0
L182F,0,0.0,,S,0.0
L182F,0,0.0,,S,0.0
L182S,1,,1.0,R,1.0
L182S,1,,1.0,R,1.0
L182S,1,,1.0,R,1.0
L182S,1,,1.0,R,1.0
L182S,1,,1.0,R,1.0
L182S,1,,1.0,R,1.0
L182S,1,,1.0,R,1.0
L182S,1,,1.0,R,1.0
L182S,1,,1.0,R,1.0
L182S,1,,1.0,R,1.0
L182S,1,,1.0,R,1.0
L182S,1,,1.0,R,1.0
L182S,1,,1.0,S,0.0
L182S,1,,1.0,S,0.0
L182S,1,,1.0,S,0.0
L182S,1,,1.0,S,0.0
L182S,1,,1.0,S,0.0
L182S,1,,1.0,S,0.0
L182S,1,,1.0,S,0.0
L182S,1,,1.0,S,0.0
L19P,1,1.0,1.0,R,1.0
L19P,1,1.0,1.0,R,1.0
L19P,1,1.0,1.0,R,1.0
L19P,1,1.0,1.0,R,1.0
L19P,1,1.0,1.0,R,1.0
L19P,1,1.0,1.0,R,1.0
L19P,1,1.0,1.0,S,0.0
L27P,1,1.0,,R,1.0
L27P,1,1.0,,R,1.0
L27P,1,1.0,,R,1.0
L27P,1,1.0,,R,1.0
L27P,1,1.0,,R,1.0
L27P,1,1.0,,R,1.0
L27P,1,1.0,,R,1.0
L27P,1,1.0,,R,1.0
L27P,1,1.0,,R,1.0
L27P,1,1.0,,R,1.0
L27P,1,1.0,,R,1.0
L27P,1,1.0,,R,1.0
L27P,1,1.0,,R,1.0
L27P,1,1.0,,S,0.0
L27P,1,1.0,,S,0.0
L27P,1,1.0,,S,0.0
L35R,1,0.0,0.0,R,1.0
L35R,1,0.0,0.0,R,1.0
L35R,1,0.0,0.0,S,0.0
L35R,1,0.0,0.0,S,0.0
L35R,1,0.0,0.0,S,0.0
L35R,1,0.0,0.0,S,0.0
L35R,1,0.0,0.0,S,0.0
L35R,1,0.0,0.0,S,0.0
L35R,1,0.0,0.0,S,0.0
L35R,1,0.0,0.0,S,0.0
L35R,1,0.0,0.0,S,0.0
L35R,1,0.0,0.0,S,0.0
L35R,1,0.0,0.0,S,0.0
L35R,1,0.0,0.0,S,0.0
L35R,1,0.0,0.0,S,0.0
L35R,1,0.0,0.0,S,0.0
L35R,1,0.0,0.0,S,0.0
L35R,1,0.0,0.0,S,0.0
L35R,1,0.0,0.0,S,0.0
L35R,1,0.0,0.0,S,0.0
L35R,1,0.0,0.0,S,0.0
L35R,1,0.0,0.0,S,0.0
L35R,1,0.0,0.0,S,0.0
L35R,1,0.0,0.0,S,0.0
L35R,1,0.0,0.0,S,0.0
L35R,1,0.0,0.0,S,0.0
L35R,1,0.0,0.0,S,0.0
L35R,1,0.0,0.0,S,0.0
L35R,1,0.0,0.0,S,0.0
L35R,1,0.0,0.0,S,0.0
L35R,1,0.0,0.0,S,0.0
L4S,1,1.0,,R,1.0
L4S,1,1.0,,R,1.0
L4S,1,1.0,,R,1.0
L4S,1,1.0,,R,1.0
L4S,1,1.0,,R,1.0
L4S,1,1.0,,R,1.0
L4S,1,1.0,,R,1.0
L4S,1,1.0,,R,1.0
L4S,1,1.0,,R,1.0
L4S,1,1.0,,R,1.0
L4S,1,1.0,,R,1.0
L4S,1,1.0,,R,1.0
L4S,1,1.0,,R,1.0
L4S,1,1.0,,R,1.0
L4S,1,1.0,,R,1.0
L4S,1,1.0,,R,1.0
L4S,1,1.0,,R,1.0
L4S,1,1.0,,R,1.0
L4S,1,1.0,,R,1.0
L4S,1,1.0,,R,1.0
L4S,1,1.0,,R,1.0
L4S,1,1.0,,R,1.0
L4S,1,1.0,,R,1.0
L4S,1,1.0,,R,1.0
L4S,1,1.0,,R,1.0
L4S,1,1.0,,R,1.0
L4S,1,1.0,,R,1.0
L4S,1,1.0,,R,1.0
L4S,1,1.0,,R,1.0
L4S,1,1.0,,R,1.0
L4S,1,1.0,,R,1.0
L4S,1,1.0,,R,1.0
L4S,1,1.0,,R,1.0
L4S,1,1.0,,R,1.0
L4S,1,1.0,,R,1.0
L4S,1,1.0,,R,1.0
L4S,1,1.0,,R,1.0
L4S,1,1.0,,R,1.0
L4S,1,1.0,,R,1.0
L4S,1,1.0,,S,0.0
L4S,1,1.0,,S,0.0
L4S,1,1.0,,S,0.0
L4S,1,1.0,,S,0.0
L4S,1,1.0,,S,0.0
L4S,1,1.0,,S,0.0
L4S,1,1.0,,S,0.0
L4S,1,1.0,,S,0.0
L4S,1,1.0,,S,0.0
L85P,1,1.0,,R,1.0
L85P,1,1.0,,R,1.0
L85P,1,1.0,,R,1.0
L85P,1,1.0,,R,1.0
L85P,1,1.0,,R,1.0
L85P,1,1.0,,R,1.0
L85P,1,1.0,,R,1.0
L85P,1,1.0,,R,1.0
L85P,1,1.0,,R,1.0
L85P,1,1.0,,R,1.0
L85P,1,1.0,,R,1.0
L85P,1,1.0,,R,1.0
L85P,1,1.0,,S,0.0
L85P,1,1.0,,S,0.0
L85R,1,1.0,,R,1.0
L85R,1,1.0,,R,1.0
L85R,1,1.0,,R,1.0
L85R,1,1.0,,R,1.0
L85R,1,1.0,,R,1.0
L85R,1,1.0,,R,1.0
L85R,1,1.0,,R,1.0
L85R,1,1.0,,R,1.0
L85R,1,1.0,,R,1.0
L85R,1,1.0,,R,1.0
L85R,1,1.0,,R,1.0
L85R,1,1.0,,R,1.0
L85R,1,1.0,,R,1.0
L85R,1,1.0,,R,1.0
L85R,1,1.0,,R,1.0
L85R,1,1.0,,R,1.0
L85R,1,1.0,,S,0.0
L85R,1,1.0,,S,0.0
M175I,1,1.0,,R,1.0
M175I,1,1.0,,R,1.0
M175I,1,1.0,,R,1.0
M175I,1,1.0,,R,1.0
M175I,1,1.0,,R,1.0
M175I,1,1.0,,R,1.0
M175I,1,1.0,,R,1.0
M175I,1,1.0,,R,1.0
M175I,1,1.0,,R,1.0
M175I,1,1.0,,R,1.0
M175I,1,1.0,,R,1.0
M175I,1,1.0,,R,1.0
M175I,1,1.0,,R,1.0
M175I,1,1.0,,R,1.0
M175I,1,1.0,,R,1.0
M175I,1,1.0,,R,1.0
M175I,1,1.0,,R,1.0
M175I,1,1.0,,R,1.0
M175I,1,1.0,,R,1.0
M175I,1,1.0,,R,1.0
M175I,1,1.0,,R,1.0
M175I,1,1.0,,R,1.0
M175I,1,1.0,,R,1.0
M175I,1,1.0,,S,0.0
M175I,1,1.0,,S,0.0
M175I,1,1.0,,S,0.0
M175I,1,1.0,,S,0.0
M175I,1,1.0,,S,0.0
M175I,1,1.0,,S,0.0
M175I,1,1.0,,S,0.0
M175T,1,1.0,,R,1.0
M175T,1,1.0,,R,1.0
M175T,1,1.0,,R,1.0
M175T,1,1.0,,R,1.0
M175V,1,1.0,,R,1.0
M175V,1,1.0,,R,1.0
M175V,1,1.0,,R,1.0
M175V,1,1.0,,R,1.0
M175V,1,1.0,,R,1.0
M175V,1,1.0,,R,1.0
M175V,1,1.0,,R,1.0
M175V,1,1.0,,R,1.0
M175V,1,1.0,,R,1.0
M175V,1,1.0,,R,1.0
M175V,1,1.0,,R,1.0
M175V,1,1.0,,R,1.0
M175V,1,1.0,,R,1.0
M175V,1,1.0,,R,1.0
M175V,1,1.0,,R,1.0
M175V,1,1.0,,R,1.0
M175V,1,1.0,,R,1.0
M175V,1,1.0,,R,1.0
M175V,1,1.0,,R,1.0
M175V,1,1.0,,R,1.0
M175V,1,1.0,,R,1.0
M175V,1,1.0,,R,1.0
M175V,1,1.0,,R,1.0
M175V,1,1.0,,R,1.0
M175V,1,1.0,,R,1.0
M175V,1,1.0,,R,1.0
M175V,1,1.0,,S,0.0
M175V,1,1.0,,S,0.0
M175V,1,1.0,,S,0.0
M175V,1,1.0,,S,0.0
M175V,1,1.0,,S,0.0
M175V,1,1.0,,S,0.0
M1I,1,0.0,,R,1.0
M1I,1,0.0,,S,0.0
M1I,1,0.0,,S,0.0
M1I,1,0.0,,S,0.0
M1T,0,1.0,,R,1.0
M1T,0,1.0,,R,1.0
M1T,0,1.0,,R,1.0
M1T,0,1.0,,R,1.0
M1T,0,1.0,,R,1.0
M1T,0,1.0,,R,1.0
M1T,0,1.0,,R,1.0
P115L,0,0.0,,S,0.0
P115L,0,0.0,,S,0.0
P54L,1,1.0,1.0,R,1.0
P54L,1,1.0,1.0,R,1.0
P54L,1,1.0,1.0,R,1.0
P54L,1,1.0,1.0,R,1.0
P54L,1,1.0,1.0,R,1.0
P54L,1,1.0,1.0,R,1.0
P54L,1,1.0,1.0,R,1.0
P54L,1,1.0,1.0,R,1.0
P54L,1,1.0,1.0,R,1.0
P54L,1,1.0,1.0,R,1.0
P54L,1,1.0,1.0,R,1.0
P54L,1,1.0,1.0,R,1.0
P54L,1,1.0,1.0,R,1.0
P54L,1,1.0,1.0,R,1.0
P54L,1,1.0,1.0,R,1.0
P54L,1,1.0,1.0,R,1.0
P54L,1,1.0,1.0,R,1.0
P54L,1,1.0,1.0,R,1.0
P54L,1,1.0,1.0,R,1.0
P54L,1,1.0,1.0,R,1.0
P54L,1,1.0,1.0,R,1.0
P54L,1,1.0,1.0,R,1.0
P54L,1,1.0,1.0,R,1.0
P54L,1,1.0,1.0,R,1.0
P54L,1,1.0,1.0,R,1.0
P54L,1,1.0,1.0,R,1.0
P54L,1,1.0,1.0,R,1.0
P54L,1,1.0,1.0,R,1.0
P54L,1,1.0,1.0,R,1.0
P54L,1,1.0,1.0,R,1.0
P54L,1,1.0,1.0,R,1.0
P54L,1,1.0,1.0,R,1.0
P54L,1,1.0,1.0,R,1.0
P54L,1,1.0,1.0,S,0.0
P54L,1,1.0,1.0,S,0.0
P54L,1,1.0,1.0,S,0.0
P54L,1,1.0,1.0,S,0.0
P54L,1,1.0,1.0,S,0.0
P54L,1,1.0,1.0,S,0.0
P54L,1,1.0,1.0,S,0.0
P54L,1,1.0,1.0,S,0.0
P54Q,1,1.0,,R,1.0
P54Q,1,1.0,,R,1.0
P54Q,1,1.0,,R,1.0
P54Q,1,1.0,,R,1.0
P54Q,1,1.0,,R,1.0
P54Q,1,1.0,,R,1.0
P54Q,1,1.0,,R,1.0
P54Q,1,1.0,,S,0.0
P54S,1,1.0,,R,1.0
P54S,1,1.0,,R,1.0
P62L,1,1.0,1.0,R,1.0
P62L,1,1.0,1.0,R,1.0
P62L,1,1.0,1.0,R,1.0
P62L,1,1.0,1.0,R,1.0
P62L,1,1.0,1.0,R,1.0
P62L,1,1.0,1.0,R,1.0
P62L,1,1.0,1.0,R,1.0
P62L,1,1.0,1.0,R,1.0
P62L,1,1.0,1.0,R,1.0
P62L,1,1.0,1.0,R,1.0
P62R,1,1.0,,R,1.0
P62R,1,1.0,,R,1.0
P62R,1,1.0,,R,1.0
P62T,1,1.0,,R,1.0
P62T,1,1.0,,R,1.0
P62T,1,1.0,,R,1.0
P62T,1,1.0,,R,1.0
P69L,1,1.0,,R,1.0
P69L,1,1.0,,R,1.0
P69L,1,1.0,,R,1.0
P69L,1,1.0,,R,1.0
P69L,1,1.0,,R,1.0
P69L,1,1.0,,R,1.0
P69L,1,1.0,,R,1.0
P69L,1,1.0,,S,0.0
P69S,1,0.0,,S,0.0
P69S,1,0.0,,S,0.0
P69S,1,0.0,,S,0.0
P69S,1,0.0,,S,0.0
P69S,1,0.0,,S,0.0
Q10H,1,1.0,,R,1.0
Q10H,1,1.0,,R,1.0
Q10K,1,1.0,,R,1.0
Q10K,1,1.0,,R,1.0
Q10P,1,1.0,1.0,R,1.0
Q10P,1,1.0,1.0,R,1.0
Q10P,1,1.0,1.0,R,1.0
Q10P,1,1.0,1.0,R,1.0
Q10P,1,1.0,1.0,R,1.0
Q10P,1,1.0,1.0,R,1.0
Q10P,1,1.0,1.0,R,1.0
Q10P,1,1.0,1.0,R,1.0
Q10P,1,1.0,1.0,R,1.0
Q10P,1,1.0,1.0,R,1.0
Q10P,1,1.0,1.0,R,1.0
Q10P,1,1.0,1.0,R,1.0
Q10P,1,1.0,1.0,R,1.0
Q10P,1,1.0,1.0,R,1.0
Q10P,1,1.0,1.0,R,1.0
Q10P,1,1.0,1.0,R,1.0
Q10P,1,1.0,1.0,R,1.0
Q10P,1,1.0,1.0,R,1.0
Q10P,1,1.0,1.0,R,1.0
Q10P,1,1.0,1.0,R,1.0
Q10P,1,1.0,1.0,R,1.0
Q10P,1,1.0,1.0,R,1.0
Q10P,1,1.0,1.0,R,1.0
Q10P,1,1.0,1.0,R,1.0
Q10P,1,1.0,1.0,R,1.0
Q10P,1,1.0,1.0,R,1.0
Q10P,1,1.0,1.0,R,1.0
Q10P,1,1.0,1.0,R,1.0
Q10P,1,1.0,1.0,R,1.0
Q10P,1,1.0,1.0,R,1.0
Q10P,1,1.0,1.0,R,1.0
Q10P,1,1.0,1.0,R,1.0
Q10P,1,1.0,1.0,R,1.0
Q10P,1,1.0,1.0,R,1.0
Q10P,1,1.0,1.0,R,1.0
Q10P,1,1.0,1.0,R,1.0
Q10P,1,1.0,1.0,R,1.0
Q10P,1,1.0,1.0,R,1.0
Q10P,1,1.0,1.0,R,1.0
Q10P,1,1.0,1.0,R,1.0
Q10P,1,1.0,1.0,R,1.0
Q10P,1,1.0,1.0,R,1.0
Q10P,1,1.0,1.0,R,1.0
Q10P,1,1.0,1.0,R,1.0
Q10P,1,1.0,1.0,R,1.0
Q10P,1,1.0,1.0,R,1.0
Q10P,1,1.0,1.0,R,1.0
Q10P,1,1.0,1.0,R,1.0
Q10P,1,1.0,1.0,R,1.0
Q10P,1,1.0,1.0,R,1.0
Q10P,1,1.0,1.0,R,1.0
Q10P,1,1.0,1.0,R,1.0
Q10P,1,1.0,1.0,R,1.0
Q10P,1,1.0,1.0,R,1.0
Q10P,1,1.0,1.0,R,1.0
Q10P,1,1.0,1.0,R,1.0
Q10P,1,1.0,1.0,R,1.0
Q10P,1,1.0,1.0,R,1.0
Q10P,1,1.0,1.0,R,1.0
Q10P,1,1.0,1.0,R,1.0
Q10P,1,1.0,1.0,R,1.0
Q10P,1,1.0,1.0,R,1.0
Q10P,1,1.0,1.0,R,1.0
Q10P,1,1.0,1.0,R,1.0
Q10P,1,1.0,1.0,R,1.0
Q10P,1,1.0,1.0,R,1.0
Q10P,1,1.0,1.0,R,1.0
Q10P,1,1.0,1.0,R,1.0
Q10P,1,1.0,1.0,R,1.0
Q10P,1,1.0,1.0,R,1.0
Q10P,1,1.0,1.0,R,1.0
Q10P,1,1.0,1.0,R,1.0
Q10P,1,1.0,1.0,R,1.0
Q10P,1,1.0,1.0,R,1.0
Q10P,1,1.0,1.0,R,1.0
Q10P,1,1.0,1.0,R,1.0
Q10P,1,1.0,1.0,R,1.0
Q10P,1,1.0,1.0,R,1.0
Q10P,1,1.0,1.0,R,1.0
Q10P,1,1.0,1.0,R,1.0
Q10P,1,1.0,1.0,R,1.0
Q10P,1,1.0,1.0,R,1.0
Q10P,1,1.0,1.0,R,1.0
Q10P,1,1.0,1.0,R,1.0
Q10P,1,1.0,1.0,R,1.0
Q10P,1,1.0,1.0,R,1.0
Q10P,1,1.0,1.0,R,1.0
Q10P,1,1.0,1.0,R,1.0
Q10P,1,1.0,1.0,R,1.0
Q10P,1,1.0,1.0,R,1.0
Q10P,1,1.0,1.0,R,1.0
Q10P,1,1.0,1.0,R,1.0
Q10P,1,1.0,1.0,R,1.0
Q10P,1,1.0,1.0,R,1.0
Q10P,1,1.0,1.0,R,1.0
Q10P,1,1.0,1.0,R,1.0
Q10P,1,1.0,1.0,R,1.0
Q10P,1,1.0,1.0,R,1.0
Q10P,1,1.0,1.0,R,1.0
Q10P,1,1.0,1.0,R,1.0
Q10P,1,1.0,1.0,R,1.0
Q10P,1,1.0,1.0,S,0.0
Q10P,1,1.0,1.0,S,0.0
Q10R,1,1.0,1.0,R,1.0
Q10R,1,1.0,1.0,R,1.0
Q10R,1,1.0,1.0,R,1.0
Q10R,1,1.0,1.0,R,1.0
Q10R,1,1.0,1.0,R,1.0
Q10R,1,1.0,1.0,R,1.0
Q10R,1,1.0,1.0,R,1.0
Q10R,1,1.0,1.0,R,1.0
Q10R,1,1.0,1.0,R,1.0
Q10R,1,1.0,1.0,R,1.0
Q10R,1,1.0,1.0,R,1.0
Q10R,1,1.0,1.0,R,1.0
Q10R,1,1.0,1.0,R,1.0
Q10R,1,1.0,1.0,R,1.0
Q10R,1,1.0,1.0,R,1.0
Q10R,1,1.0,1.0,R,1.0
Q10R,1,1.0,1.0,R,1.0
Q10R,1,1.0,1.0,R,1.0
Q10R,1,1.0,1.0,R,1.0
Q10R,1,1.0,1.0,R,1.0
Q10R,1,1.0,1.0,R,1.0
Q10R,1,1.0,1.0,R,1.0
Q10R,1,1.0,1.0,R,1.0
Q10R,1,1.0,1.0,R,1.0
Q10R,1,1.0,1.0,R,1.0
Q10R,1,1.0,1.0,R,1.0
Q10R,1,1.0,1.0,R,1.0
Q10R,1,1.0,1.0,R,1.0
Q10R,1,1.0,1.0,R,1.0
Q10R,1,1.0,1.0,R,1.0
Q10R,1,1.0,1.0,R,1.0
Q10R,1,1.0,1.0,R,1.0
Q10R,1,1.0,1.0,R,1.0
Q10R,1,1.0,1.0,R,1.0
Q10R,1,1.0,1.0,R,1.0
Q10R,1,1.0,1.0,R,1.0
Q10R,1,1.0,1.0,R,1.0
Q10R,1,1.0,1.0,R,1.0
Q10R,1,1.0,1.0,R,1.0
Q10R,1,1.0,1.0,R,1.0
Q10R,1,1.0,1.0,R,1.0
Q10R,1,1.0,1.0,R,1.0
Q10R,1,1.0,1.0,R,1.0
Q10R,1,1.0,1.0,R,1.0
Q10R,1,1.0,1.0,R,1.0
Q10R,1,1.0,1.0,R,1.0
Q10R,1,1.0,1.0,R,1.0
Q10R,1,1.0,1.0,R,1.0
Q10R,1,1.0,1.0,R,1.0
Q10R,1,1.0,1.0,R,1.0
Q10R,1,1.0,1.0,R,1.0
Q10R,1,1.0,1.0,R,1.0
Q10R,1,1.0,1.0,R,1.0
Q10R,1,1.0,1.0,R,1.0
Q10R,1,1.0,1.0,R,1.0
Q10R,1,1.0,1.0,R,1.0
Q10R,1,1.0,1.0,R,1.0
Q10R,1,1.0,1.0,R,1.0
Q10R,1,1.0,1.0,R,1.0
Q10R,1,1.0,1.0,R,1.0
Q10R,1,1.0,1.0,R,1.0
Q10R,1,1.0,1.0,R,1.0
Q10R,1,1.0,1.0,R,1.0
Q10R,1,1.0,1.0,R,1.0
Q10R,1,1.0,1.0,R,1.0
Q10R,1,1.0,1.0,R,1.0
Q10R,1,1.0,1.0,R,1.0
Q10R,1,1.0,1.0,R,1.0
Q10R,1,1.0,1.0,R,1.0
Q10R,1,1.0,1.0,R,1.0
Q10R,1,1.0,1.0,R,1.0
Q10R,1,1.0,1.0,R,1.0
Q10R,1,1.0,1.0,R,1.0
Q10R,1,1.0,1.0,R,1.0
Q10R,1,1.0,1.0,R,1.0
Q10R,1,1.0,1.0,R,1.0
Q10R,1,1.0,1.0,R,1.0
Q10R,1,1.0,1.0,R,1.0
Q10R,1,1.0,1.0,R,1.0
Q10R,1,1.0,1.0,R,1.0
Q10R,1,1.0,1.0,R,1.0
Q10R,1,1.0,1.0,R,1.0
Q10R,1,1.0,1.0,R,1.0
Q10R,1,1.0,1.0,R,1.0
Q10R,1,1.0,1.0,R,1.0
Q10R,1,1.0,1.0,R,1.0
Q10R,1,1.0,1.0,R,1.0
Q10R,1,1.0,1.0,R,1.0
Q10R,1,1.0,1.0,R,1.0
Q10R,1,1.0,1.0,R,1.0
Q10R,1,1.0,1.0,R,1.0
Q10R,1,1.0,1.0,R,1.0
Q10R,1,1.0,1.0,R,1.0
Q10R,1,1.0,1.0,R,1.0
Q10R,1,1.0,1.0,R,1.0
Q10R,1,1.0,1.0,S,0.0
Q10R,1,1.0,1.0,S,0.0
Q10R,1,1.0,1.0,S,0.0
Q10R,1,1.0,1.0,S,0.0
Q10R,1,1.0,1.0,S,0.0
Q10R,1,1.0,1.0,S,0.0
Q10R,1,1.0,1.0,S,0.0
Q10R,1,1.0,1.0,S,0.0
Q10R,1,1.0,1.0,S,0.0
Q141P,1,1.0,1.0,R,1.0
Q141P,1,1.0,1.0,R,1.0
Q141P,1,1.0,1.0,R,1.0
Q141P,1,1.0,1.0,R,1.0
Q141P,1,1.0,1.0,R,1.0
Q141P,1,1.0,1.0,R,1.0
Q141P,1,1.0,1.0,R,1.0
Q141P,1,1.0,1.0,R,1.0
Q141P,1,1.0,1.0,R,1.0
Q141P,1,1.0,1.0,R,1.0
Q141P,1,1.0,1.0,R,1.0
Q141P,1,1.0,1.0,R,1.0
Q141P,1,1.0,1.0,R,1.0
Q141P,1,1.0,1.0,R,1.0
Q141P,1,1.0,1.0,R,1.0
Q141P,1,1.0,1.0,R,1.0
Q141P,1,1.0,1.0,R,1.0
Q141P,1,1.0,1.0,R,1.0
Q141P,1,1.0,1.0,R,1.0
Q141P,1,1.0,1.0,R,1.0
Q141P,1,1.0,1.0,R,1.0
Q141P,1,1.0,1.0,R,1.0
Q141P,1,1.0,1.0,R,1.0
Q141P,1,1.0,1.0,R,1.0
Q141P,1,1.0,1.0,R,1.0
Q141P,1,1.0,1.0,R,1.0
Q141P,1,1.0,1.0,R,1.0
Q141P,1,1.0,1.0,R,1.0
Q141P,1,1.0,1.0,R,1.0
Q141P,1,1.0,1.0,R,1.0
Q141P,1,1.0,1.0,R,1.0
Q141P,1,1.0,1.0,R,1.0
Q141P,1,1.0,1.0,R,1.0
Q141P,1,1.0,1.0,R,1.0
Q141P,1,1.0,1.0,R,1.0
Q141P,1,1.0,1.0,R,1.0
Q141P,1,1.0,1.0,R,1.0
Q141P,1,1.0,1.0,R,1.0
Q141P,1,1.0,1.0,R,1.0
Q141P,1,1.0,1.0,R,1.0
Q141P,1,1.0,1.0,R,1.0
Q141P,1,1.0,1.0,R,1.0
Q141P,1,1.0,1.0,R,1.0
Q141P,1,1.0,1.0,R,1.0
Q141P,1,1.0,1.0,R,1.0
Q141P,1,1.0,1.0,R,1.0
Q141P,1,1.0,1.0,R,1.0
Q141P,1,1.0,1.0,S,0.0
R123P,1,1.0,,R,1.0
R123P,1,1.0,,R,1.0
R140P,1,1.0,0.0,R,1.0
R140P,1,1.0,0.0,R,1.0
R140P,1,1.0,0.0,R,1.0
R154G,0,,1.0,R,1.0
R154G,0,,1.0,R,1.0
R154G,0,,1.0,R,1.0
R154G,0,,1.0,R,1.0
R154G,0,,1.0,R,1.0
R154G,0,,1.0,R,1.0
R154G,0,,1.0,R,1.0
R154G,0,,1.0,R,1.0
R154G,0,,1.0,R,1.0
R154G,0,,1.0,R,1.0
R154G,0,,1.0,R,1.0
R154G,0,,1.0,R,1.0
R154G,0,,1.0,R,1.0
R154G,0,,1.0,R,1.0
R154G,0,,1.0,R,1.0
R154G,0,,1.0,R,1.0
R154G,0,,1.0,R,1.0
R154G,0,,1.0,R,1.0
R154G,0,,1.0,S,0.0
R154G,0,,1.0,S,0.0
R154G,0,,1.0,S,0.0
R154G,0,,1.0,S,0.0
R154G,0,,1.0,S,0.0
R154G,0,,1.0,S,0.0
R154G,0,,1.0,S,0.0
R154G,0,,1.0,S,0.0
R154G,0,,1.0,S,0.0
R154G,0,,1.0,S,0.0
R154G,0,,1.0,S,0.0
R154S,0,0.0,,S,0.0
R154S,0,0.0,,S,0.0
R154S,0,0.0,,S,0.0
R154S,0,0.0,,S,0.0
R154S,0,0.0,,S,0.0
R154S,0,0.0,,S,0.0
R29P,0,0.0,,S,0.0
R29P,0,0.0,,S,0.0
S104I,1,1.0,,R,1.0
S104I,1,1.0,,R,1.0
S104I,1,1.0,,R,1.0
S104R,1,1.0,1.0,R,1.0
S104R,1,1.0,1.0,R,1.0
S104R,1,1.0,1.0,R,1.0
S104R,1,1.0,1.0,R,1.0
S104R,1,1.0,1.0,R,1.0
S104R,1,1.0,1.0,R,1.0
S104R,1,1.0,1.0,R,1.0
S104R,1,1.0,1.0,R,1.0
S104R,1,1.0,1.0,R,1.0
S104R,1,1.0,1.0,R,1.0
S104R,1,1.0,1.0,R,1.0
S104R,1,1.0,1.0,R,1.0
S104R,1,1.0,1.0,S,0.0
S104R,1,1.0,1.0,S,0.0
S164P,1,1.0,,R,1.0
S164P,1,1.0,,R,1.0
S164P,1,1.0,,R,1.0
S164P,1,1.0,,R,1.0
S164P,1,1.0,,R,1.0
S164P,1,1.0,,R,1.0
S164P,1,1.0,,S,0.0
S59P,1,1.0,1.0,R,1.0
S59P,1,1.0,1.0,R,1.0
S59P,1,1.0,1.0,R,1.0
S59P,1,1.0,1.0,R,1.0
S59P,1,1.0,1.0,R,1.0
S59P,1,1.0,1.0,R,1.0
S59P,1,1.0,1.0,R,1.0
S59P,1,1.0,1.0,R,1.0
S59P,1,1.0,1.0,R,1.0
S59P,1,1.0,1.0,R,1.0
S59P,1,1.0,1.0,R,1.0
S65P,0,0.0,,R,1.0
S65P,0,0.0,,S,0.0
S65P,0,0.0,,S,0.0
S65P,0,0.0,,S,0.0
S65P,0,0.0,,S,0.0
S65P,0,0.0,,S,0.0
S65P,0,0.0,,S,0.0
S66L,0,0.0,,S,0.0
S66L,0,0.0,,S,0.0
S66L,0,0.0,,S,0.0
S66L,0,0.0,,S,0.0
S66L,0,0.0,,S,0.0
S66L,0,0.0,,S,0.0
S66L,0,0.0,,S,0.0
S66L,0,0.0,,S,0.0
S66P,1,,1.0,R,1.0
S67P,1,1.0,,R,1.0
S67P,1,1.0,,R,1.0
S67P,1,1.0,,R,1.0
S67P,1,1.0,,R,1.0
S67P,1,1.0,,R,1.0
S67P,1,1.0,,R,1.0
S67P,1,1.0,,R,1.0
S67P,1,1.0,,R,1.0
S67P,1,1.0,,R,1.0
S67P,1,1.0,,R,1.0
S67P,1,1.0,,R,1.0
S67P,1,1.0,,R,1.0
S67P,1,1.0,,R,1.0
S67P,1,1.0,,R,1.0
S67P,1,1.0,,R,1.0
S67P,1,1.0,,R,1.0
S67P,1,1.0,,R,1.0
S67P,1,1.0,,R,1.0
S67P,1,1.0,,R,1.0
S67P,1,1.0,,R,1.0
S67P,1,1.0,,R,1.0
S67P,1,1.0,,R,1.0
S67P,1,1.0,,R,1.0
S67P,1,1.0,,R,1.0
S67P,1,1.0,,R,1.0
S67P,1,1.0,,R,1.0
S67P,1,1.0,,R,1.0
S67P,1,1.0,,R,1.0
S67P,1,1.0,,S,0.0
S67P,1,1.0,,S,0.0
T100P,0,1.0,1.0,R,1.0
T100P,0,1.0,1.0,R,1.0
T100P,0,1.0,1.0,R,1.0
T100P,0,1.0,1.0,R,1.0
T100P,0,1.0,1.0,R,1.0
T100P,0,1.0,1.0,R,1.0
T100P,0,1.0,1.0,R,1.0
T100P,0,1.0,1.0,R,1.0
T114M,0,0.0,0.0,S,0.0
T114M,0,0.0,0.0,S,0.0
T114M,0,0.0,0.0,S,0.0
T114M,0,0.0,0.0,S,0.0
T114M,0,0.0,0.0,S,0.0
T114M,0,0.0,0.0,S,0.0
T114M,0,0.0,0.0,S,0.0
T114M,0,0.0,0.0,S,0.0
T114M,0,0.0,0.0,S,0.0
T114M,0,0.0,0.0,S,0.0
T114M,0,0.0,0.0,S,0.0
T114M,0,0.0,0.0,S,0.0
T114M,0,0.0,0.0,S,0.0
T114M,0,0.0,0.0,S,0.0
T114M,0,0.0,0.0,S,0.0
T114M,0,0.0,0.0,S,0.0
T114P,1,1.0,,R,1.0
T114P,1,1.0,,R,1.0
T135I,1,0.0,,S,0.0
T135I,1,0.0,,S,0.0
T135N,1,1.0,,R,1.0
T135N,1,1.0,,R,1.0
T135N,1,1.0,,R,1.0
T135P,1,1.0,1.0,R,1.0
T135P,1,1.0,1.0,R,1.0
T135P,1,1.0,1.0,R,1.0
T135P,1,1.0,1.0,R,1.0
T135P,1,1.0,1.0,R,1.0
T135P,1,1.0,1.0,R,1.0
T135P,1,1.0,1.0,R,1.0
T135P,1,1.0,1.0,R,1.0
T135P,1,1.0,1.0,R,1.0
T135P,1,1.0,1.0,R,1.0
T135P,1,1.0,1.0,R,1.0
T135P,1,1.0,1.0,R,1.0
T135P,1,1.0,1.0,R,1.0
T135P,1,1.0,1.0,R,1.0
T135P,1,1.0,1.0,R,1.0
T135P,1,1.0,1.0,R,1.0
T135P,1,1.0,1.0,R,1.0
T135P,1,1.0,1.0,R,1.0
T135P,1,1.0,1.0,R,1.0
T135P,1,1.0,1.0,R,1.0
T135P,1,1.0,1.0,R,1.0
T135P,1,1.0,1.0,R,1.0
T135P,1,1.0,1.0,R,1.0
T135P,1,1.0,1.0,R,1.0
T135P,1,1.0,1.0,R,1.0
T135P,1,1.0,1.0,R,1.0
T135P,1,1.0,1.0,R,1.0
T135P,1,1.0,1.0,R,1.0
T135P,1,1.0,1.0,R,1.0
T135P,1,1.0,1.0,R,1.0
T135P,1,1.0,1.0,R,1.0
T135P,1,1.0,1.0,R,1.0
T135P,1,1.0,1.0,R,1.0
T135P,1,1.0,1.0,R,1.0
T135P,1,1.0,1.0,R,1.0
T135P,1,1.0,1.0,R,1.0
T135P,1,1.0,1.0,R,1.0
T135P,1,1.0,1.0,R,1.0
T135P,1,1.0,1.0,R,1.0
T135P,1,1.0,1.0,R,1.0
T135P,1,1.0,1.0,R,1.0
T135P,1,1.0,1.0,R,1.0
T135P,1,1.0,1.0,R,1.0
T135P,1,1.0,1.0,R,1.0
T135P,1,1.0,1.0,R,1.0
T135P,1,1.0,1.0,R,1.0
T135P,1,1.0,1.0,R,1.0
T135P,1,1.0,1.0,R,1.0
T135P,1,1.0,1.0,R,1.0
T135P,1,1.0,1.0,R,1.0
T135P,1,1.0,1.0,R,1.0
T135P,1,1.0,1.0,R,1.0
T135P,1,1.0,1.0,R,1.0
T135P,1,1.0,1.0,R,1.0
T135P,1,1.0,1.0,R,1.0
T135P,1,1.0,1.0,R,1.0
T135P,1,1.0,1.0,R,1.0
T135P,1,1.0,1.0,R,1.0
T135P,1,1.0,1.0,R,1.0
T135P,1,1.0,1.0,R,1.0
T135P,1,1.0,1.0,R,1.0
T135P,1,1.0,1.0,R,1.0
T135P,1,1.0,1.0,R,1.0
T135P,1,1.0,1.0,R,1.0
T135P,1,1.0,1.0,R,1.0
T135P,1,1.0,1.0,R,1.0
T135P,1,1.0,1.0,R,1.0
T135P,1,1.0,1.0,R,1.0
T135P,1,1.0,1.0,R,1.0
T135P,1,1.0,1.0,R,1.0
T135P,1,1.0,1.0,R,1.0
T135P,1,1.0,1.0,R,1.0
T135P,1,1.0,1.0,S,0.0
T135P,1,1.0,1.0,S,0.0
T135P,1,1.0,1.0,S,0.0
T135P,1,1.0,1.0,S,0.0
T135S,1,0.0,,S,0.0
T135S,1,0.0,,S,0.0
T135S,1,0.0,,S,0.0
T142A,1,1.0,1.0,R,1.0
T142A,1,1.0,1.0,R,1.0
T142A,1,1.0,1.0,R,1.0
T142A,1,1.0,1.0,R,1.0
T142A,1,1.0,1.0,R,1.0
T142A,1,1.0,1.0,R,1.0
T142A,1,1.0,1.0,R,1.0
T142A,1,1.0,1.0,R,1.0
T142A,1,1.0,1.0,R,1.0
T142A,1,1.0,1.0,R,1.0
T142A,1,1.0,1.0,R,1.0
T142A,1,1.0,1.0,R,1.0
T142A,1,1.0,1.0,R,1.0
T142A,1,1.0,1.0,R,1.0
T142A,1,1.0,1.0,R,1.0
T142A,1,1.0,1.0,R,1.0
T142A,1,1.0,1.0,R,1.0
T142A,1,1.0,1.0,R,1.0
T142A,1,1.0,1.0,R,1.0
T142A,1,1.0,1.0,R,1.0
T142A,1,1.0,1.0,R,1.0
T142A,1,1.0,1.0,R,1.0
T142A,1,1.0,1.0,R,1.0
T142A,1,1.0,1.0,R,1.0
T142A,1,1.0,1.0,R,1.0
T142A,1,1.0,1.0,S,0.0
T142A,1,1.0,1.0,S,0.0
T142A,1,1.0,1.0,S,0.0
T142K,1,1.0,,R,1.0
T142K,1,1.0,,R,1.0
T142K,1,1.0,,R,1.0
T142M,1,1.0,1.0,R,1.0
T142M,1,1.0,1.0,R,1.0
T142M,1,1.0,1.0,R,1.0
T142M,1,1.0,1.0,R,1.0
T142M,1,1.0,1.0,R,1.0
T142M,1,1.0,1.0,R,1.0
T142M,1,1.0,1.0,R,1.0
T142M,1,1.0,1.0,R,1.0
T142M,1,1.0,1.0,R,1.0
T142M,1,1.0,1.0,R,1.0
T142M,1,1.0,1.0,R,1.0
T142M,1,1.0,1.0,S,0.0
T160P,1,1.0,,R,1.0
T160P,1,1.0,,R,1.0
T160P,1,1.0,,R,1.0
T160P,1,1.0,,R,1.0
T160P,1,1.0,,R,1.0
T160P,1,1.0,,R,1.0
T160P,1,1.0,,R,1.0
T160P,1,1.0,,R,1.0
T160P,1,1.0,,R,1.0
T160P,1,1.0,,R,1.0
T160P,1,1.0,,R,1.0
T160P,1,1.0,,R,1.0
T160P,1,1.0,,R,1.0
T160P,1,1.0,,R,1.0
T160P,1,1.0,,R,1.0
T160P,1,1.0,,R,1.0
T160P,1,1.0,,R,1.0
T160P,1,1.0,,R,1.0
T160R,1,1.0,,R,1.0
T160R,1,1.0,,R,1.0
T160R,1,1.0,,R,1.0
T167I,0,0.0,,S,0.0
T167I,0,0.0,,S,0.0
T168I,1,0.0,,S,0.0
T168I,1,0.0,,S,0.0
T168I,1,0.0,,S,0.0
T168I,1,0.0,,S,0.0
T168I,1,0.0,,S,0.0
T168I,1,0.0,,S,0.0
T168I,1,0.0,,S,0.0
T168I,1,0.0,,S,0.0
T168I,1,0.0,,S,0.0
T168P,1,1.0,,R,1.0
T168P,1,1.0,,R,1.0
T168P,1,1.0,,R,1.0
T168S,1,0.0,,S,0.0
T168S,1,0.0,,S,0.0
T47A,1,,1.0,R,1.0
T47A,1,,1.0,R,1.0
T47A,1,,1.0,R,1.0
T47A,1,,1.0,R,1.0
T47A,1,,1.0,R,1.0
T47A,1,,1.0,R,1.0
T47A,1,,1.0,R,1.0
T47A,1,,1.0,R,1.0
T47A,1,,1.0,R,1.0
T47A,1,,1.0,R,1.0
T47A,1,,1.0,R,1.0
T47A,1,,1.0,R,1.0
T47A,1,,1.0,R,1.0
T47A,1,,1.0,R,1.0
T47A,1,,1.0,R,1.0
T47A,1,,1.0,R,1.0
T47A,1,,1.0,R,1.0
T47A,1,,1.0,R,1.0
T47A,1,,1.0,R,1.0
T47A,1,,1.0,R,1.0
T47A,1,,1.0,R,1.0
T47A,1,,1.0,R,1.0
T47A,1,,1.0,R,1.0
T47A,1,,1.0,R,1.0
T47A,1,,1.0,R,1.0
T47A,1,,1.0,S,0.0
T47A,1,,1.0,S,0.0
T47A,1,,1.0,S,0.0
T47A,1,,1.0,S,0.0
T47A,1,,1.0,S,0.0
T47A,1,,1.0,S,0.0
T47A,1,,1.0,S,0.0
T47A,1,,1.0,S,0.0
T47A,1,,1.0,S,0.0
T47A,1,,1.0,S,0.0
T47A,1,,1.0,S,0.0
T47A,1,,1.0,S,0.0
T47A,1,,1.0,S,0.0
T47A,1,,1.0,S,0.0
T47A,1,,1.0,S,0.0
T47A,1,,1.0,S,0.0
T47A,1,,1.0,S,0.0
T47A,1,,1.0,S,0.0
T47A,1,,1.0,S,0.0
T47A,1,,1.0,S,0.0
T47A,1,,1.0,S,0.0
T47A,1,,1.0,S,0.0
T47A,1,,1.0,S,0.0
T47A,1,,1.0,S,0.0
T47A,1,,1.0,S,0.0
T47A,1,,1.0,S,0.0
T47A,1,,1.0,S,0.0
T47A,1,,1.0,S,0.0
T47A,1,,1.0,S,0.0
T47A,1,,1.0,S,0.0
T47A,1,,1.0,S,0.0
T47A,1,,1.0,S,0.0
T47A,1,,1.0,S,0.0
T47A,1,,1.0,S,0.0
T47A,1,,1.0,S,0.0
T47A,1,,1.0,S,0.0
T47A,1,,1.0,S,0.0
T47A,1,,1.0,S,0.0
T47A,1,,1.0,S,0.0
T47A,1,,1.0,S,0.0
T47A,1,,1.0,S,0.0
T47A,1,,1.0,S,0.0
T47A,1,,1.0,S,0.0
T47A,1,,1.0,S,0.0
T47A,1,,1.0,S,0.0
T47A,1,,1.0,S,0.0
T47A,1,,1.0,S,0.0
T47A,1,,1.0,S,0.0
T47A,1,,1.0,S,0.0
T47A,1,,1.0,S,0.0
T47A,1,,1.0,S,0.0
T47I,1,0.0,,S,0.0
T47I,1,0.0,,S,0.0
T47I,1,0.0,,S,0.0
T47I,1,0.0,,S,0.0
T47P,1,1.0,,R,1.0
T47P,1,1.0,,R,1.0
T47P,1,1.0,,R,1.0
T47P,1,1.0,,R,1.0
T76I,1,1.0,,R,1.0
T76I,1,1.0,,R,1.0
T76I,1,1.0,,R,1.0
T76P,1,1.0,,R,1.0
T76P,1,1.0,,R,1.0
T76P,1,1.0,,R,1.0
T76P,1,1.0,,R,1.0
T76P,1,1.0,,R,1.0
T76P,1,1.0,,R,1.0
T76P,1,1.0,,R,1.0
T76P,1,1.0,,R,1.0
T76P,1,1.0,,R,1.0
T76P,1,1.0,,R,1.0
T76P,1,1.0,,R,1.0
T76P,1,1.0,,R,1.0
T76P,1,1.0,,R,1.0
T76P,1,1.0,,R,1.0
T76P,1,1.0,,R,1.0
T76P,1,1.0,,R,1.0
T76P,1,1.0,,R,1.0
T76P,1,1.0,,R,1.0
T76P,1,1.0,,R,1.0
T76P,1,1.0,,R,1.0
T76P,1,1.0,,R,1.0
T76P,1,1.0,,R,1.0
T76P,1,1.0,,R,1.0
T76P,1,1.0,,R,1.0
T76P,1,1.0,,R,1.0
T76P,1,1.0,,R,1.0
T76P,1,1.0,,R,1.0
T76P,1,1.0,,R,1.0
T76P,1,1.0,,R,1.0
T76P,1,1.0,,R,1.0
T76P,1,1.0,,R,1.0
T76P,1,1.0,,R,1.0
T76P,1,1.0,,R,1.0
T76P,1,1.0,,R,1.0
T76P,1,1.0,,R,1.0
T76P,1,1.0,,R,1.0
T76P,1,1.0,,R,1.0
T76P,1,1.0,,R,1.0
T76P,1,1.0,,R,1.0
T76P,1,1.0,,R,1.0
T76P,1,1.0,,R,1.0
T76P,1,1.0,,R,1.0
T76P,1,1.0,,R,1.0
T76P,1,1.0,,R,1.0
T76P,1,1.0,,R,1.0
T76P,1,1.0,,S,0.0
T76P,1,1.0,,S,0.0
T76P,1,1.0,,S,0.0
T76P,1,1.0,,S,0.0
T76P,1,1.0,,S,0.0
T76P,1,1.0,,S,0.0
T76P,1,1.0,,S,0.0
T87M,1,0.0,,S,0.0
T87M,1,0.0,,S,0.0
T87M,1,0.0,,S,0.0
T87M,1,0.0,,S,0.0
T87M,1,0.0,,S,0.0
T87M,1,0.0,,S,0.0
T87M,1,0.0,,S,0.0
T87M,1,0.0,,S,0.0
T87M,1,0.0,,S,0.0
T87M,1,0.0,,S,0.0
T87M,1,0.0,,S,0.0
T87M,1,0.0,,S,0.0
T87M,1,0.0,,S,0.0
T87M,1,0.0,,S,0.0
T87M,1,0.0,,S,0.0
T87M,1,0.0,,S,0.0
T87M,1,0.0,,S,0.0
T87M,1,0.0,,S,0.0
T87M,1,0.0,,S,0.0
V109G,0,0.0,,S,0.0
V109G,0,0.0,,S,0.0
V109G,0,0.0,,S,0.0
V109G,0,0.0,,S,0.0
V125G,1,1.0,,R,1.0
V125G,1,1.0,,R,1.0
V125G,1,1.0,,R,1.0
V125G,1,1.0,,R,1.0
V125G,1,1.0,,R,1.0
V125G,1,1.0,,R,1.0
V125I,0,0.0,,S,0.0
V125I,0,0.0,,S,0.0
V128G,1,1.0,,R,1.0
V128G,1,1.0,,R,1.0
V128G,1,1.0,,R,1.0
V128G,1,1.0,,R,1.0
V128G,1,1.0,,R,1.0
V128G,1,1.0,,R,1.0
V128G,1,1.0,,R,1.0
V128G,1,1.0,,R,1.0
V128G,1,1.0,,R,1.0
V128G,1,1.0,,R,1.0
V128G,1,1.0,,R,1.0
V128G,1,1.0,,R,1.0
V128G,1,1.0,,R,1.0
V128G,1,1.0,,R,1.0
V128G,1,1.0,,R,1.0
V128G,1,1.0,,R,1.0
V128G,1,1.0,,R,1.0
V128G,1,1.0,,R,1.0
V128G,1,1.0,,R,1.0
V128G,1,1.0,,R,1.0
V128G,1,1.0,,R,1.0
V128G,1,1.0,,S,0.0
V128G,1,1.0,,S,0.0
V128G,1,1.0,,S,0.0
V128G,1,1.0,,S,0.0
V130A,1,1.0,0.0,R,1.0
V130A,1,1.0,0.0,R,1.0
V130A,1,1.0,0.0,R,1.0
V130A,1,1.0,0.0,R,1.0
V130A,1,1.0,0.0,R,1.0
V130A,1,1.0,0.0,S,0.0
V130G,1,1.0,1.0,R,1.0
V130G,1,1.0,1.0,R,1.0
V130G,1,1.0,1.0,R,1.0
V130G,1,1.0,1.0,R,1.0
V130G,1,1.0,1.0,R,1.0
V130G,1,1.0,1.0,R,1.0
V130G,1,1.0,1.0,R,1.0
V131F,1,1.0,,R,1.0
V131F,1,1.0,,R,1.0
V131F,1,1.0,,R,1.0
V131F,1,1.0,,R,1.0
V131G,1,1.0,,R,1.0
V131G,1,1.0,,R,1.0
V139A,1,,1.0,R,1.0
V139A,1,,1.0,R,1.0
V139A,1,,1.0,R,1.0
V139A,1,,1.0,R,1.0
V139A,1,,1.0,R,1.0
V139A,1,,1.0,R,1.0
V139A,1,,1.0,R,1.0
V139A,1,,1.0,R,1.0
V139A,1,,1.0,R,1.0
V139A,1,,1.0,R,1.0
V139A,1,,1.0,R,1.0
V139A,1,,1.0,R,1.0
V139A,1,,1.0,R,1.0
V139A,1,,1.0,R,1.0
V139A,1,,1.0,R,1.0
V139A,1,,1.0,R,1.0
V139A,1,,1.0,R,1.0
V139A,1,,1.0,R,1.0
V139A,1,,1.0,R,1.0
V139A,1,,1.0,R,1.0
V139A,1,,1.0,R,1.0
V139A,1,,1.0,R,1.0
V139A,1,,1.0,R,1.0
V139A,1,,1.0,R,1.0
V139A,1,,1.0,R,1.0
V139A,1,,1.0,R,1.0
V139A,1,,1.0,R,1.0
V139A,1,,1.0,R,1.0
V139A,1,,1.0,R,1.0
V139A,1,,1.0,R,1.0
V139A,1,,1.0,R,1.0
V139A,1,,1.0,R,1.0
V139A,1,,1.0,R,1.0
V139A,1,,1.0,R,1.0
V139A,1,,1.0,R,1.0
V139A,1,,1.0,R,1.0
V139A,1,,1.0,R,1.0
V139A,1,,1.0,R,1.0
V139A,1,,1.0,R,1.0
V139A,1,,1.0,R,1.0
V139A,1,,1.0,S,0.0
V139A,1,,1.0,S,0.0
V139A,1,,1.0,S,0.0
V139A,1,,1.0,S,0.0
V139A,1,,1.0,S,0.0
V139A,1,,1.0,S,0.0
V139A,1,,1.0,S,0.0
V139A,1,,1.0,S,0.0
V139A,1,,1.0,S,0.0
V139A,1,,1.0,S,0.0
V139A,1,,1.0,S,0.0
V139A,1,,1.0,S,0.0
V139A,1,,1.0,S,0.0
V139A,1,,1.0,S,0.0
V139A,1,,1.0,S,0.0
V139A,1,,1.0,S,0.0
V139A,1,,1.0,S,0.0
V139A,1,,1.0,S,0.0
V139A,1,,1.0,S,0.0
V139G,1,1.0,1.0,R,1.0
V139G,1,1.0,1.0,R,1.0
V139G,1,1.0,1.0,R,1.0
V139G,1,1.0,1.0,R,1.0
V139G,1,1.0,1.0,R,1.0
V139G,1,1.0,1.0,R,1.0
V139G,1,1.0,1.0,R,1.0
V139G,1,1.0,1.0,R,1.0
V139G,1,1.0,1.0,R,1.0
V139G,1,1.0,1.0,R,1.0
V139G,1,1.0,1.0,S,0.0
V139G,1,1.0,1.0,S,0.0
V155G,1,1.0,,R,1.0
V155G,1,1.0,,R,1.0
V155G,1,1.0,,R,1.0
V155G,1,1.0,,R,1.0
V155G,1,1.0,,R,1.0
V155G,1,1.0,,R,1.0
V155G,1,1.0,,R,1.0
V155G,1,1.0,,R,1.0
V155G,1,1.0,,R,1.0
V155G,1,1.0,,R,1.0
V155G,1,1.0,,R,1.0
V155G,1,1.0,,R,1.0
V155G,1,1.0,,R,1.0
V155G,1,1.0,,S,0.0
V155M,1,1.0,,R,1.0
V155M,1,1.0,,R,1.0
V155M,1,1.0,,R,1.0
V155M,1,1.0,,R,1.0
V155M,1,1.0,,R,1.0
V155M,1,1.0,,R,1.0
V155M,1,1.0,,R,1.0
V155M,1,1.0,,S,0.0
V157A,0,1.0,,R,1.0
V157A,0,1.0,,R,1.0
V157G,0,1.0,,R,1.0
V157G,0,1.0,,R,1.0
V157G,0,1.0,,R,1.0
V157G,0,1.0,,R,1.0
V157G,0,1.0,,R,1.0
V157G,0,1.0,,S,0.0
V157L,0,0.0,,S,0.0
V157L,0,0.0,,S,0.0
V163A,0,0.0,,R,1.0
V163A,0,0.0,,S,0.0
V163A,0,0.0,,S,0.0
V163A,0,0.0,,S,0.0
V180A,1,1.0,,R,1.0
V180A,1,1.0,,R,1.0
V180A,1,1.0,,R,1.0
V180A,1,1.0,,R,1.0
V180F,1,1.0,,R,1.0
V180F,1,1.0,,R,1.0
V180F,1,1.0,,R,1.0
V180F,1,1.0,,R,1.0
V180F,1,1.0,,R,1.0
V180F,1,1.0,,R,1.0
V180F,1,1.0,,R,1.0
V180F,1,1.0,,R,1.0
V180F,1,1.0,,R,1.0
V180F,1,1.0,,R,1.0
V180F,1,1.0,,R,1.0
V180G,0,1.0,,R,1.0
V180G,0,1.0,,R,1.0
V180G,0,1.0,,R,1.0
V180G,0,1.0,,R,1.0
V180G,0,1.0,,R,1.0
V180G,0,1.0,,R,1.0
V180G,0,1.0,,R,1.0
V180G,0,1.0,,R,1.0
V180G,0,1.0,,R,1.0
V180G,0,1.0,,R,1.0
V180G,0,1.0,,R,1.0
V180G,0,1.0,,R,1.0
V180G,0,1.0,,R,1.0
V180G,0,1.0,,R,1.0
V21A,1,0.0,,R,1.0
V21A,1,0.0,,R,1.0
V21A,1,0.0,,S,0.0
V21A,1,0.0,,S,0.0
V21A,1,0.0,,S,0.0
V21A,1,0.0,,S,0.0
V21A,1,0.0,,S,0.0
V21A,1,0.0,,S,0.0
V21A,1,0.0,,S,0.0
V21A,1,0.0,,S,0.0
V21A,1,0.0,,S,0.0
V21A,1,0.0,,S,0.0
V21A,1,0.0,,S,0.0
V21A,1,0.0,,S,0.0
V21G,1,1.0,,R,1.0
V21G,1,1.0,,R,1.0
V21G,1,1.0,,R,1.0
V21G,1,1.0,,R,1.0
V21G,1,1.0,,R,1.0
V21G,1,1.0,,S,0.0
V44G,0,1.0,,R,1.0
V44G,0,1.0,,R,1.0
V44G,0,1.0,,R,1.0
V44G,0,1.0,,R,1.0
V44G,0,1.0,,R,1.0
V44G,0,1.0,,S,0.0
V45M,1,0.0,,S,0.0
V45M,1,0.0,,S,0.0
V45M,1,0.0,,S,0.0
V45M,1,0.0,,S,0.0
V7A,1,1.0,,R,1.0
V7A,1,1.0,,R,1.0
V7A,1,1.0,,R,1.0
V7A,1,1.0,,R,1.0
V7A,1,1.0,,S,0.0
V7F,1,1.0,,R,1.0
V7F,1,1.0,,R,1.0
V7F,1,1.0,,R,1.0
V7F,1,1.0,,R,1.0
V7F,1,1.0,,S,0.0
V7G,1,1.0,1.0,R,1.0
V7G,1,1.0,1.0,R,1.0
V7G,1,1.0,1.0,R,1.0
V7G,1,1.0,1.0,R,1.0
V7G,1,1.0,1.0,R,1.0
V7G,1,1.0,1.0,R,1.0
V7G,1,1.0,1.0,R,1.0
V7G,1,1.0,1.0,R,1.0
V7G,1,1.0,1.0,R,1.0
V7G,1,1.0,1.0,R,1.0
V7G,1,1.0,1.0,R,1.0
V7G,1,1.0,1.0,R,1.0
V7G,1,1.0,1.0,R,1.0
V7G,1,1.0,1.0,R,1.0
V7G,1,1.0,1.0,R,1.0
V7G,1,1.0,1.0,R,1.0
V7G,1,1.0,1.0,R,1.0
V7G,1,1.0,1.0,R,1.0
V7G,1,1.0,1.0,R,1.0
V7G,1,1.0,1.0,R,1.0
V7G,1,1.0,1.0,R,1.0
V7G,1,1.0,1.0,R,1.0
V7G,1,1.0,1.0,R,1.0
V7G,1,1.0,1.0,R,1.0
V7G,1,1.0,1.0,R,1.0
V7G,1,1.0,1.0,R,1.0
V7G,1,1.0,1.0,R,1.0
V7G,1,1.0,1.0,R,1.0
V7G,1,1.0,1.0,R,1.0
V7G,1,1.0,1.0,R,1.0
V7G,1,1.0,1.0,R,1.0
V7G,1,1.0,1.0,R,1.0
V7G,1,1.0,1.0,R,1.0
V7G,1,1.0,1.0,R,1.0
V7G,1,1.0,1.0,R,1.0
V7G,1,1.0,1.0,R,1.0
V7G,1,1.0,1.0,R,1.0
V7G,1,1.0,1.0,R,1.0
V7G,1,1.0,1.0,R,1.0
V7G,1,1.0,1.0,S,0.0
V7G,1,1.0,1.0,S,0.0
V7G,1,1.0,1.0,S,0.0
V7L,1,1.0,,R,1.0
V7L,1,1.0,,R,1.0
V7L,1,1.0,,R,1.0
V7L,1,1.0,,R,1.0
V7L,1,1.0,,R,1.0
V7L,1,1.0,,R,1.0
V7L,1,1.0,,R,1.0
V7L,1,1.0,,R,1.0
V7L,1,1.0,,R,1.0
V7L,1,1.0,,R,1.0
V7L,1,1.0,,R,1.0
V7L,1,1.0,,S,0.0
V9G,1,1.0,,R,1.0
V9G,1,1.0,,R,1.0
V9G,1,1.0,,R,1.0
V9G,1,1.0,,R,1.0
V9G,1,1.0,,R,1.0
V9G,1,1.0,,R,1.0
V9G,1,1.0,,S,0.0
V9G,1,1.0,,S,0.0
W119C,1,1.0,,R,1.0
W119C,1,1.0,,R,1.0
W119C,1,1.0,,R,1.0
W119C,1,1.0,,R,1.0
W119C,1,1.0,,R,1.0
W119C,1,1.0,,R,1.0
W119C,1,1.0,,S,0.0
W119G,1,1.0,,R,1.0
W119G,1,1.0,,R,1.0
W119G,1,1.0,,R,1.0
W119S,0,1.0,,R,1.0
W119S,0,1.0,,R,1.0
W119S,0,1.0,,R,1.0
W68C,1,1.0,,R,1.0
W68C,1,1.0,,R,1.0
W68C,1,1.0,,R,1.0
W68C,1,1.0,,R,1.0
W68C,1,1.0,,R,1.0
W68C,1,1.0,,R,1.0
W68C,1,1.0,,R,1.0
W68C,1,1.0,,R,1.0
W68C,1,1.0,,R,1.0
W68C,1,1.0,,R,1.0
W68C,1,1.0,,R,1.0
W68C,1,1.0,,R,1.0
W68C,1,1.0,,R,1.0
W68C,1,1.0,,R,1.0
W68C,1,1.0,,R,1.0
W68C,1,1.0,,R,1.0
W68C,1,1.0,,R,1.0
W68C,1,1.0,,R,1.0
W68C,1,1.0,,R,1.0
W68C,1,1.0,,R,1.0
W68C,1,1.0,,R,1.0
W68C,1,1.0,,R,1.0
W68C,1,1.0,,R,1.0
W68G,1,1.0,1.0,R,1.0
W68G,1,1.0,1.0,R,1.0
W68G,1,1.0,1.0,R,1.0
W68G,1,1.0,1.0,R,1.0
W68G,1,1.0,1.0,R,1.0
W68G,1,1.0,1.0,R,1.0
W68G,1,1.0,1.0,R,1.0
W68G,1,1.0,1.0,R,1.0
W68G,1,1.0,1.0,R,1.0
W68G,1,1.0,1.0,R,1.0
W68G,1,1.0,1.0,R,1.0
W68G,1,1.0,1.0,R,1.0
W68G,1,1.0,1.0,R,1.0
W68G,1,1.0,1.0,R,1.0
W68G,1,1.0,1.0,R,1.0
W68G,1,1.0,1.0,R,1.0
W68G,1,1.0,1.0,R,1.0
W68G,1,1.0,1.0,R,1.0
W68G,1,1.0,1.0,R,1.0
W68G,1,1.0,1.0,R,1.0
W68G,1,1.0,1.0,R,1.0
W68G,1,1.0,1.0,R,1.0
W68G,1,1.0,1.0,R,1.0
W68G,1,1.0,1.0,R,1.0
W68G,1,1.0,1.0,R,1.0
W68G,1,1.0,1.0,R,1.0
W68G,1,1.0,1.0,R,1.0
W68G,1,1.0,1.0,R,1.0
W68G,1,1.0,1.0,R,1.0
W68G,1,1.0,1.0,R,1.0
W68G,1,1.0,1.0,R,1.0
W68G,1,1.0,1.0,R,1.0
W68G,1,1.0,1.0,R,1.0
W68G,1,1.0,1.0,R,1.0
W68G,1,1.0,1.0,R,1.0
W68G,1,1.0,1.0,R,1.0
W68G,1,1.0,1.0,S,0.0
W68G,1,1.0,1.0,S,0.0
W68L,1,1.0,,R,1.0
W68L,1,1.0,,R,1.0
W68R,1,1.0,1.0,R,1.0
W68R,1,1.0,1.0,R,1.0
W68R,1,1.0,1.0,R,1.0
W68R,1,1.0,1.0,R,1.0
W68R,1,1.0,1.0,R,1.0
W68R,1,1.0,1.0,R,1.0
W68R,1,1.0,1.0,R,1.0
W68R,1,1.0,1.0,R,1.0
W68R,1,1.0,1.0,R,1.0
W68R,1,1.0,1.0,R,1.0
W68R,1,1.0,1.0,R,1.0
W68R,1,1.0,1.0,R,1.0
W68R,1,1.0,1.0,R,1.0
W68R,1,1.0,1.0,R,1.0
W68R,1,1.0,1.0,R,1.0
W68R,1,1.0,1.0,R,1.0
W68R,1,1.0,1.0,R,1.0
W68R,1,1.0,1.0,R,1.0
W68R,1,1.0,1.0,R,1.0
W68R,1,1.0,1.0,R,1.0
W68R,1,1.0,1.0,R,1.0
W68R,1,1.0,1.0,S,0.0
W68R,1,1.0,1.0,S,0.0
W68S,1,1.0,1.0,R,1.0
W68S,1,1.0,1.0,R,1.0
Y103D,0,1.0,,R,1.0
Y103D,0,1.0,,R,1.0
Y103D,0,1.0,,R,1.0
Y103D,0,1.0,,R,1.0
Y103H,1,1.0,1.0,R,1.0
Y103H,1,1.0,1.0,R,1.0
Y103H,1,1.0,1.0,R,1.0
Y103H,1,1.0,1.0,R,1.0
Y103H,1,1.0,1.0,R,1.0
Y103S,1,1.0,,R,1.0
Y103S,1,1.0,,R,1.0
Y34D,1,1.0,1.0,R,1.0
Y34D,1,1.0,1.0,R,1.0
Y34D,1,1.0,1.0,R,1.0
Y34D,1,1.0,1.0,R,1.0
Y34D,1,1.0,1.0,R,1.0
Y34D,1,1.0,1.0,R,1.0
Y34D,1,1.0,1.0,R,1.0
Y34D,1,1.0,1.0,R,1.0
Y34D,1,1.0,1.0,R,1.0
Y34D,1,1.0,1.0,R,1.0
Y34D,1,1.0,1.0,R,1.0
Y34D,1,1.0,1.0,S,0.0
Y34D,1,1.0,1.0,S,0.0
