Chain,Wild Type,Position,Mutant,Distance to ligand, Prediction
A,CYS,72,GLY,4.981,Resistant
A,ASP,129,GLY,13.801,Resistant
A,THR,167,ASN,10.56,Susceptible
A,LEU,85,PRO,10.759,Resistant
A,VAL,139,LEU,4.967,Resistant
A,PRO,54,ALA,5.73,Resistant
A,CYS,184,PHE,18.322,Susceptible
A,ALA,25,VAL,11.879,Susceptible
A,GLY,97,SER,3.94,Resistant
A,SER,88,LEU,19.445,Susceptible
A,ASN,118,LYS,17.793,Susceptible
A,THR,22,ILE,10.861,Resistant
A,GLY,150,CYS,19.266,Susceptible
A,TYR,99,HIS,8.627,Susceptible
A,GLN,141,ARG,5.902,Susceptible
A,ARG,2,LEU,19.735,Susceptible
A,GLU,144,GLY,11.423,Susceptible
A,CYS,14,GLY,8.438,Resistant
A,LEU,159,MET,10.568,Resistant
A,ILE,6,ASN,8.346,Resistant
A,GLY,55,SER,9.764,Susceptible
A,ASP,86,ASN,16.797,Susceptible
A,ASP,8,GLY,1.904,Resistant
A,VAL,73,ILE,8.195,Susceptible
A,GLY,150,VAL,19.266,Susceptible
A,ASN,112,LYS,17.515,Susceptible
A,THR,135,SER,6.729,Resistant
A,THR,135,ALA,6.729,Resistant
A,THR,168,SER,11.588,Resistant
A,SER,185,THR,17.176,Susceptible
A,ALA,102,GLY,1.864,Susceptible
A,ALA,3,SER,17.116,Susceptible
A,GLN,122,LYS,22.472,Resistant
A,VAL,139,GLY,4.967,Resistant
A,VAL,44,LEU,15.524,Susceptible
A,PHE,106,SER,8.937,Resistant
A,LEU,4,SER,13.423,Resistant
A,ARG,140,SER,7.302,Susceptible
A,VAL,180,GLY,14.647,Susceptible
A,SER,104,CYS,4.947,Resistant
A,ALA,143,SER,10.15,Resistant
A,ILE,31,PHE,10.071,Resistant
A,VAL,21,ILE,5.899,Susceptible
A,ILE,31,MET,10.071,Resistant
A,SER,32,GLY,15.601,Susceptible
A,LEU,116,VAL,10.967,Resistant
A,GLY,162,SER,8.425,Susceptible
A,THR,142,PRO,6.692,Resistant
A,CYS,72,ARG,4.981,Resistant
A,PRO,62,GLN,7.515,Resistant
A,ASP,158,GLU,14.351,Susceptible
A,HIS,51,ASN,2.295,Resistant
A,THR,177,ASN,19.078,Susceptible
A,ALA,170,THR,14.25,Resistant
A,GLU,15,VAL,11.962,Susceptible
A,GLY,60,ASP,12.41,Susceptible
A,MET,1,LYS,22.98,Susceptible
A,ASP,63,HIS,8.377,Resistant
A,PHE,94,ILE,8.982,Resistant
A,ALA,165,THR,14.51,Resistant
A,GLU,91,LYS,17.781,Susceptible
A,ASP,158,VAL,14.351,Susceptible
A,THR,160,PRO,8.778,Resistant
A,ILE,52,ASN,8.632,Susceptible
A,TYR,99,CYS,8.627,Susceptible
A,GLY,60,ARG,12.41,Susceptible
A,HIS,57,PRO,2.1,Resistant
A,GLY,24,VAL,9.28,Resistant
A,SER,67,LEU,6.355,Susceptible
A,GLY,16,ASP,13.081,Susceptible
A,ILE,5,VAL,9.641,Susceptible
A,TYR,95,PHE,8.437,Susceptible
A,GLY,17,VAL,10.103,Resistant
A,GLU,37,GLN,22.486,Susceptible
A,GLY,75,ASP,13.339,Susceptible
A,PHE,94,VAL,8.982,Resistant
A,ASN,11,ILE,9.644,Susceptible
A,ALA,46,GLU,10.216,Resistant
A,ARG,2,GLN,19.735,Susceptible
A,ALA,134,SER,2.774,Susceptible
A,ASP,110,TYR,14.447,Susceptible
A,THR,22,ALA,10.861,Susceptible
A,SER,59,THR,8.7,Susceptible
A,VAL,109,LEU,10.854,Resistant
A,PRO,69,LEU,4.828,Resistant
A,ALA,89,PRO,18.395,Susceptible
A,ASP,110,GLY,14.447,Susceptible
A,PRO,83,THR,14.428,Susceptible
A,GLN,122,HIS,22.472,Susceptible
A,GLY,16,VAL,13.081,Resistant
A,GLU,174,VAL,14.375,Susceptible
A,ALA,152,GLY,19.734,Susceptible
A,SER,88,ALA,19.445,Susceptible
A,THR,61,ALA,11.902,Susceptible
A,ALA,98,ASP,7.109,Susceptible
A,ASP,145,GLY,10.023,Susceptible
A,ASP,49,GLU,1.766,Resistant
A,ALA,30,PRO,14.546,Resistant
A,GLU,174,GLY,14.375,Resistant
A,HIS,137,PRO,3.345,Resistant
A,ASP,33,TYR,19.622,Susceptible
A,GLN,141,PRO,5.902,Resistant
A,VAL,125,ILE,19.368,Susceptible
A,PHE,13,VAL,2.577,Resistant
A,ASP,63,ALA,8.377,Susceptible
A,ASP,56,TYR,8.706,Susceptible
A,HIS,57,ARG,2.1,Resistant
A,SER,185,ASN,17.176,Susceptible
A,ARG,123,PRO,21.534,Resistant
A,SER,88,PRO,19.445,Susceptible
A,SER,104,ILE,4.947,Resistant
A,ARG,176,SER,18.102,Susceptible
A,ASP,145,GLU,10.023,Resistant
A,GLY,78,SER,9.534,Susceptible
A,PHE,50,LEU,4.625,Resistant
A,ASP,129,HIS,13.801,Resistant
A,VAL,139,ALA,4.967,Resistant
A,ALA,30,ASP,14.546,Susceptible
A,ALA,26,GLU,13.766,Resistant
A,ASP,8,VAL,1.904,Resistant
A,SER,67,TRP,6.355,Susceptible
A,THR,142,ALA,6.692,Resistant
A,CYS,72,PHE,4.981,Resistant
A,LEU,116,GLN,10.967,Resistant
A,VAL,73,ASP,8.195,Susceptible
A,THR,167,PRO,10.56,Susceptible
A,ALA,152,THR,19.734,Susceptible
A,PRO,115,LEU,14.63,Susceptible
A,GLU,111,LYS,16.301,Susceptible
A,GLU,181,GLY,17.505,Susceptible
A,HIS,43,ASP,18.797,Susceptible
A,TRP,119,GLY,17.392,Resistant
A,ASP,33,VAL,19.622,Susceptible
A,ALA,98,THR,7.109,Susceptible
A,ALA,161,VAL,7.282,Susceptible
A,ALA,92,THR,14.495,Susceptible
A,LEU,182,PHE,15.037,Susceptible
A,ASP,166,TYR,14.278,Susceptible
A,VAL,128,GLY,15.4,Resistant
A,THR,76,ALA,11.288,Susceptible
A,HIS,43,ASN,18.797,Susceptible
A,ILE,6,VAL,8.346,Resistant
A,GLY,113,ARG,17.425,Susceptible
A,VAL,155,MET,11.613,Resistant
A,GLU,127,ASP,19.732,Resistant
A,PHE,106,TYR,8.937,Resistant
A,LEU,159,VAL,10.568,Resistant
A,THR,22,SER,10.861,Susceptible
A,GLY,162,ASP,8.425,Resistant
A,ILE,133,THR,2.107,Resistant
A,THR,135,PRO,6.729,Resistant
A,LEU,35,MET,15.616,Susceptible
A,GLY,60,VAL,12.41,Susceptible
A,ASP,129,ASN,13.801,Resistant
A,VAL,163,GLU,5.704,Resistant
A,SER,59,CYS,8.7,Susceptible
A,ILE,90,THR,13.168,Resistant
A,ASP,86,GLY,16.797,Susceptible
A,ALA,165,VAL,14.51,Resistant
A,HIS,51,TYR,2.295,Resistant
A,ASP,136,GLY,7.309,Resistant
A,ALA,146,VAL,12.995,Resistant
A,SER,18,THR,7.475,Resistant
A,TYR,95,ASN,8.437,Susceptible
A,ASP,126,GLY,22.321,Resistant
A,SER,67,PRO,6.355,Resistant
A,ALA,30,SER,14.546,Resistant
A,SER,67,THR,6.355,Susceptible
A,TYR,64,ASP,5.491,Resistant
A,TRP,119,ARG,17.392,Resistant
A,GLY,132,SER,6.043,Resistant
A,VAL,44,GLY,15.524,Susceptible
A,ALA,38,THR,20.813,Susceptible
A,ILE,6,LEU,8.346,Susceptible
A,THR,167,ALA,10.56,Susceptible
A,VAL,109,ALA,10.854,Susceptible
A,ASP,166,VAL,14.278,Resistant
A,ASP,56,HIS,8.706,Susceptible
A,GLU,127,VAL,19.732,Susceptible
A,GLY,24,SER,9.28,Resistant
A,ASP,40,GLU,22.823,Susceptible
A,ASP,8,ALA,1.904,Resistant
A,GLY,150,SER,19.266,Susceptible
A,ALA,143,GLY,10.15,Resistant
A,ALA,46,VAL,10.216,Resistant
A,VAL,169,ASP,15.17,Susceptible
A,TRP,119,SER,17.392,Susceptible
A,LEU,151,TRP,16.752,Susceptible
A,ALA,171,SER,11.093,Resistant
A,ALA,3,VAL,17.116,Susceptible
A,ASP,110,GLU,14.447,Resistant
A,ILE,6,THR,8.346,Resistant
A,PHE,50,ILE,4.625,Resistant
A,SER,179,CYS,19.689,Susceptible
A,ASP,12,GLY,6.641,Resistant
A,ASP,56,ASN,8.706,Susceptible
A,GLY,60,SER,12.41,Susceptible
A,SER,164,TRP,10.673,Susceptible
A,GLU,181,ALA,17.505,Resistant
A,VAL,157,ALA,13.222,Susceptible
A,GLY,23,CYS,11.719,Susceptible
A,ARG,123,LEU,21.534,Susceptible
A,ASP,145,ASN,10.023,Susceptible
A,ARG,121,TRP,20.512,Susceptible
A,LEU,159,ARG,10.568,Resistant
A,GLY,162,CYS,8.425,Susceptible
A,GLU,111,GLN,16.301,Susceptible
A,HIS,43,GLN,18.797,Resistant
A,ALA,152,PRO,19.734,Susceptible
A,CYS,184,TYR,18.322,Susceptible
A,ASP,53,TYR,9.895,Resistant
A,VAL,183,ASP,17.591,Resistant
A,THR,153,ALA,14.833,Susceptible
A,GLY,78,CYS,9.534,Resistant
A,GLY,101,ARG,3.253,Susceptible
A,PRO,70,LEU,7.509,Susceptible
A,CYS,138,TYR,2.722,Resistant
A,PHE,58,ILE,4.324,Resistant
A,ALA,26,PRO,13.766,Susceptible
A,PHE,81,SER,9.779,Resistant
A,ALA,146,THR,12.995,Resistant
A,ASN,11,SER,9.644,Susceptible
A,VAL,157,GLY,13.222,Susceptible
A,GLY,17,CYS,10.103,Resistant
A,TRP,68,SER,2.633,Resistant
A,GLY,55,CYS,9.764,Resistant
A,PRO,70,GLN,7.509,Susceptible
A,TYR,95,ASP,8.437,Susceptible
A,LEU,120,MET,15.332,Susceptible
A,LEU,27,MET,8.049,Susceptible
A,VAL,163,LEU,5.704,Susceptible
A,PHE,50,TYR,4.625,Susceptible
A,ASP,63,GLY,8.377,Resistant
A,TYR,64,PHE,5.491,Susceptible
A,SER,84,THR,14.759,Susceptible
A,ARG,176,LEU,18.102,Susceptible
A,MET,175,ARG,11.436,Resistant
A,ARG,123,HIS,21.534,Susceptible
A,GLN,10,PRO,5.282,Resistant
A,VAL,128,LEU,15.4,Susceptible
A,THR,177,ALA,19.078,Susceptible
A,ALA,152,VAL,19.734,Resistant
A,THR,87,LYS,16.278,Susceptible
A,HIS,43,ARG,18.797,Susceptible
A,ASP,136,TYR,7.309,Resistant
A,GLN,10,LYS,5.282,Resistant
A,SER,179,ASN,19.689,Resistant
A,LEU,172,MET,13.25,Susceptible
A,VAL,155,GLU,11.613,Resistant
A,VAL,125,GLY,19.368,Resistant
A,LEU,151,VAL,16.752,Susceptible
A,GLY,17,ASP,10.103,Resistant
A,VAL,93,ALA,11.209,Susceptible
A,GLY,162,ALA,8.425,Resistant
A,HIS,137,TYR,3.345,Susceptible
A,ASP,40,GLY,22.823,Susceptible
A,MET,1,THR,22.98,Susceptible
A,GLY,105,ASP,6.748,Resistant
A,ALA,146,PRO,12.995,Resistant
A,GLY,24,ARG,9.28,Resistant
A,LEU,35,VAL,15.616,Susceptible
A,SER,84,CYS,14.759,Susceptible
A,ALA,39,SER,20.546,Susceptible
A,ILE,6,MET,8.346,Resistant
A,GLY,108,ARG,9.174,Resistant
A,VAL,180,ILE,14.647,Susceptible
A,GLY,97,CYS,3.94,Resistant
A,GLY,162,ARG,8.425,Resistant
A,ALA,20,SER,7.677,Susceptible
A,THR,87,ARG,16.278,Susceptible
A,TYR,41,PHE,17.94,Susceptible
A,ALA,102,GLU,1.864,Resistant
A,PHE,50,VAL,4.625,Resistant
A,TYR,34,HIS,16.547,Susceptible
A,LYS,96,GLN,1.877,Resistant
A,VAL,109,PHE,10.854,Susceptible
A,THR,76,PRO,11.288,Resistant
A,ARG,140,LEU,7.302,Susceptible
A,ASP,80,VAL,10.764,Susceptible
A,ASP,136,HIS,7.309,Resistant
A,CYS,184,SER,18.322,Susceptible
A,GLN,122,GLU,22.472,Susceptible
A,ASP,166,ASN,14.278,Susceptible
A,LEU,172,PRO,13.25,Resistant
A,THR,87,SER,16.278,Susceptible
A,GLY,55,ARG,9.764,Resistant
A,ALA,98,VAL,7.109,Susceptible
A,ARG,2,TRP,19.735,Susceptible
A,SER,179,ILE,19.689,Susceptible
A,ALA,178,PRO,16.329,Susceptible
A,ALA,146,SER,12.995,Resistant
A,GLY,17,SER,10.103,Susceptible
A,ASP,12,TYR,6.641,Resistant
A,VAL,155,GLY,11.613,Resistant
A,ASP,33,HIS,19.622,Susceptible
A,CYS,14,TYR,8.438,Resistant
A,PHE,13,SER,2.577,Resistant
A,GLN,141,GLU,5.902,Susceptible
A,ASN,118,ASP,17.793,Susceptible
A,VAL,45,LEU,12.801,Susceptible
A,THR,160,ILE,8.778,Susceptible
A,VAL,131,ALA,7.985,Susceptible
A,VAL,147,ALA,15.423,Resistant
A,ALA,36,ASP,21.05,Resistant
A,SER,66,ALA,5.884,Susceptible
A,ASN,149,HIS,14.413,Susceptible
A,GLN,10,GLU,5.282,Resistant
A,VAL,109,GLY,10.854,Susceptible
A,VAL,21,GLU,5.899,Resistant
A,CYS,14,PHE,8.438,Resistant
A,MET,1,ILE,22.98,Resistant
A,VAL,130,GLY,9.165,Resistant
A,ALA,178,THR,16.329,Susceptible
A,VAL,7,ALA,3.546,Resistant
A,LEU,120,ARG,15.332,Resistant
A,GLY,105,SER,6.748,Susceptible
A,ALA,134,PRO,2.774,Resistant
A,CYS,14,SER,8.438,Resistant
A,HIS,42,ARG,22.724,Susceptible
A,THR,177,SER,19.078,Susceptible
A,TYR,103,ASN,2.572,Susceptible
A,PHE,81,VAL,9.779,Resistant
A,ASP,40,TYR,22.823,Susceptible
A,VAL,139,GLU,4.967,Resistant
A,GLY,113,SER,17.425,Susceptible
A,ALA,3,GLY,17.116,Resistant
A,THR,160,ARG,8.778,Resistant
A,ALA,171,THR,11.093,Resistant
A,TRP,68,ARG,2.633,Resistant
A,GLY,124,ALA,24.909,Susceptible
A,ALA,146,GLU,12.995,Resistant
A,LYS,48,GLU,6.153,Resistant
A,LEU,182,TRP,15.037,Susceptible
A,LEU,116,MET,10.967,Resistant
A,PRO,54,SER,5.73,Resistant
A,GLN,141,LYS,5.902,Susceptible
A,SER,74,GLY,9.95,Susceptible
A,ASP,145,TYR,10.023,Resistant
A,VAL,169,LEU,15.17,Susceptible
A,HIS,51,PRO,2.295,Resistant
A,LEU,159,PRO,10.568,Resistant
A,THR,76,ASN,11.288,Susceptible
A,THR,160,ALA,8.778,Resistant
A,TYR,99,ASN,8.627,Susceptible
A,HIS,137,ASN,3.345,Susceptible
A,MET,175,THR,11.436,Resistant
A,ASN,11,HIS,9.644,Susceptible
A,GLU,107,GLN,5.937,Susceptible
A,ILE,90,MET,13.168,Susceptible
A,ASP,80,HIS,10.764,Resistant
A,THR,142,MET,6.692,Resistant
A,SER,74,CYS,9.95,Susceptible
A,HIS,42,TYR,22.724,Susceptible
A,VAL,155,ALA,11.613,Resistant
A,HIS,51,LEU,2.295,Resistant
A,THR,114,MET,16.12,Susceptible
A,ALA,143,PRO,10.15,Resistant
A,GLU,144,ASP,11.423,Susceptible
A,ASP,49,GLY,1.766,Resistant
A,VAL,147,ILE,15.423,Susceptible
A,ALA,46,PRO,10.216,Resistant
A,HIS,82,LEU,10.665,Resistant
A,HIS,57,TYR,2.1,Resistant
A,VAL,180,PHE,14.647,Resistant
A,ASP,49,HIS,1.766,Resistant
A,ALA,39,VAL,20.546,Susceptible
A,SER,185,GLY,17.176,Susceptible
A,GLU,107,LYS,5.937,Susceptible
A,THR,142,ARG,6.692,Resistant
A,ILE,52,MET,8.632,Susceptible
A,VAL,93,GLU,11.209,Resistant
A,ASP,126,ASN,22.321,Susceptible
A,PRO,115,ALA,14.63,Resistant
A,ALA,89,GLY,18.395,Susceptible
A,THR,61,LYS,11.902,Susceptible
A,GLY,124,CYS,24.909,Susceptible
A,SER,65,THR,5.898,Susceptible
A,PRO,115,ARG,14.63,Resistant
A,TYR,34,SER,16.547,Resistant
A,HIS,71,PRO,2.236,Resistant
A,VAL,128,ALA,15.4,Resistant
A,LEU,35,GLN,15.616,Susceptible
A,GLY,75,ARG,13.339,Susceptible
A,THR,167,ILE,10.56,Susceptible
A,GLY,24,CYS,9.28,Resistant
A,GLN,141,LEU,5.902,Susceptible
A,SER,88,THR,19.445,Resistant
A,HIS,42,GLN,22.724,Resistant
A,PHE,94,LEU,8.982,Susceptible
A,VAL,44,ILE,15.524,Susceptible
A,THR,76,ILE,11.288,Resistant
A,GLU,181,VAL,17.505,Susceptible
A,HIS,82,ARG,10.665,Resistant
A,THR,87,MET,16.278,Resistant
A,TYR,103,CYS,2.572,Resistant
A,THR,153,ASN,14.833,Resistant
A,TYR,64,ASN,5.491,Susceptible
A,SER,32,THR,15.601,Susceptible
A,TRP,68,LEU,2.633,Resistant
A,LEU,156,MET,13.359,Susceptible
A,GLY,113,CYS,17.425,Susceptible
A,ASN,11,LYS,9.644,Susceptible
A,GLU,173,LYS,16.909,Susceptible
A,GLU,37,LYS,22.486,Susceptible
A,ALA,161,PRO,7.282,Resistant
A,ALA,39,GLU,20.546,Susceptible
A,GLY,78,ARG,9.534,Resistant
A,ILE,133,VAL,2.107,Susceptible
A,ALA,25,SER,11.879,Susceptible
A,VAL,73,PHE,8.195,Susceptible
A,LYS,96,THR,1.877,Resistant
A,VAL,163,ALA,5.704,Susceptible
A,ALA,92,VAL,14.495,Susceptible
A,ARG,176,HIS,18.102,Susceptible
A,ILE,133,PHE,2.107,Resistant
A,ASP,63,GLU,8.377,Resistant
A,HIS,82,ASP,10.665,Resistant
A,GLY,150,ASP,19.266,Susceptible
A,THR,177,ILE,19.078,Susceptible
A,VAL,155,LEU,11.613,Resistant
A,SER,59,PHE,8.7,Resistant
A,ALA,38,SER,20.813,Resistant
A,PRO,77,HIS,13.366,Susceptible
A,VAL,157,GLU,13.222,Susceptible
A,ALA,143,ASP,10.15,Resistant
A,LEU,117,ARG,15.226,Susceptible
A,PRO,83,LEU,14.428,Susceptible
A,HIS,137,GLN,3.345,Susceptible
A,ASP,12,HIS,6.641,Resistant
A,PRO,54,GLN,5.73,Resistant
A,ASN,112,ILE,17.515,Susceptible
A,VAL,73,LEU,8.195,Susceptible
A,ARG,148,PRO,12.127,Susceptible
A,PHE,81,TYR,9.779,Susceptible
A,ASP,8,HIS,1.904,Resistant
A,SER,66,LEU,5.884,Susceptible
A,ALA,28,GLY,11.192,Susceptible
A,GLY,150,ALA,19.266,Susceptible
A,GLY,162,VAL,8.425,Resistant
A,LEU,151,MET,16.752,Susceptible
A,PRO,83,ALA,14.428,Susceptible
A,ALA,143,VAL,10.15,Susceptible
A,THR,160,SER,8.778,Susceptible
A,ARG,29,GLY,14.62,Susceptible
A,SER,74,ARG,9.95,Susceptible
A,HIS,82,GLN,10.665,Susceptible
A,ALA,28,ASP,11.192,Resistant
A,LEU,27,VAL,8.049,Susceptible
A,THR,87,ALA,16.278,Susceptible
A,GLY,16,CYS,13.081,Resistant
A,HIS,137,ASP,3.345,Resistant
A,SER,164,THR,10.673,Resistant
A,SER,66,TRP,5.884,Susceptible
A,ALA,36,VAL,21.05,Susceptible
A,CYS,72,TYR,4.981,Resistant
A,LEU,35,ARG,15.616,Resistant
A,ALA,38,VAL,20.813,Susceptible
A,SER,104,ARG,4.947,Resistant
A,GLU,37,VAL,22.486,Susceptible
A,GLY,101,GLU,3.253,Resistant
A,SER,185,ILE,17.176,Susceptible
A,LEU,4,MET,13.423,Susceptible
A,SER,18,LEU,7.475,Resistant
A,LEU,27,ARG,8.049,Susceptible
A,ALA,161,SER,7.282,Susceptible
A,ASP,56,GLY,8.706,Susceptible
A,ALA,36,SER,21.05,Resistant
A,GLY,113,ASP,17.425,Susceptible
A,ALA,89,THR,18.395,Susceptible
A,ILE,90,VAL,13.168,Susceptible
A,ARG,29,PRO,14.62,Susceptible
A,ILE,52,LEU,8.632,Susceptible
A,GLU,111,ASP,16.301,Susceptible
A,ASN,149,ASP,14.413,Susceptible
A,ASP,86,VAL,16.797,Resistant
A,LEU,19,PRO,2.195,Resistant
A,ASP,136,VAL,7.309,Resistant
A,TYR,95,HIS,8.437,Susceptible
A,LEU,159,GLN,10.568,Resistant
A,ARG,140,HIS,7.302,Susceptible
A,PHE,94,SER,8.982,Resistant
A,ASP,56,VAL,8.706,Susceptible
A,CYS,14,ARG,8.438,Resistant
A,ASN,112,TYR,17.515,Susceptible
A,GLU,173,VAL,16.909,Susceptible
A,GLY,23,VAL,11.719,Resistant
A,GLY,124,ASP,24.909,Susceptible
A,GLY,101,VAL,3.253,Susceptible
A,GLY,23,ARG,11.719,Susceptible
A,CYS,138,TRP,2.722,Resistant
A,ASP,56,ALA,8.706,Susceptible
A,THR,76,SER,11.288,Resistant
A,ALA,25,PRO,11.879,Susceptible
A,ASP,53,ASN,9.895,Resistant
A,SER,185,CYS,17.176,Susceptible
A,ASP,80,ASN,10.764,Susceptible
A,GLY,60,ALA,12.41,Susceptible
A,ALA,25,THR,11.879,Susceptible
A,ARG,148,GLY,12.127,Susceptible
A,ILE,5,THR,9.641,Resistant
A,TYR,34,PHE,16.547,Susceptible
A,GLY,105,CYS,6.748,Resistant
A,GLY,97,VAL,3.94,Resistant
A,ASP,110,ASN,14.447,Resistant
A,LEU,85,MET,10.759,Resistant
A,ARG,29,SER,14.62,Susceptible
A,VAL,163,MET,5.704,Susceptible
A,SER,164,PRO,10.673,Resistant
A,HIS,57,ASN,2.1,Resistant
A,PRO,83,HIS,14.428,Susceptible
A,VAL,21,ALA,5.899,Resistant
A,ALA,3,THR,17.116,Resistant
A,ALA,102,PRO,1.864,Susceptible
A,ALA,79,PRO,9.115,Resistant
A,ASP,110,HIS,14.447,Resistant
A,MET,175,ILE,11.436,Resistant
A,GLY,132,ARG,6.043,Resistant
A,GLU,91,VAL,17.781,Susceptible
A,ARG,148,LEU,12.127,Susceptible
A,LYS,48,THR,6.153,Resistant
A,THR,114,PRO,16.12,Resistant
A,TYR,103,ASP,2.572,Susceptible
A,THR,61,SER,11.902,Susceptible
A,ASN,149,TYR,14.413,Resistant
A,GLU,37,GLY,22.486,Susceptible
A,ALA,89,GLU,18.395,Susceptible
A,LEU,35,PRO,15.616,Resistant
A,THR,142,SER,6.692,Resistant
A,ASP,126,VAL,22.321,Susceptible
A,TYR,41,HIS,17.94,Resistant
A,GLY,17,ALA,10.103,Susceptible
A,ASP,86,GLU,16.797,Susceptible
A,ILE,133,MET,2.107,Susceptible
A,GLY,105,ARG,6.748,Resistant
A,SER,164,ALA,10.673,Susceptible
A,ARG,121,GLY,20.512,Susceptible
A,LYS,96,ARG,1.877,Resistant
A,PRO,115,SER,14.63,Susceptible
A,VAL,183,PHE,17.591,Susceptible
A,MET,175,LYS,11.436,Resistant
A,PHE,106,LEU,8.937,Susceptible
A,GLU,15,GLY,11.962,Susceptible
A,ASP,40,HIS,22.823,Susceptible
A,VAL,9,GLU,5.994,Resistant
A,ARG,148,CYS,12.127,Susceptible
A,ARG,154,SER,14.749,Susceptible
A,ASN,118,SER,17.793,Susceptible
A,ALA,89,VAL,18.395,Resistant
A,PRO,69,GLN,4.828,Resistant
A,PRO,70,THR,7.509,Susceptible
A,PRO,62,SER,7.515,Resistant
A,HIS,71,TYR,2.236,Resistant
A,SER,32,ARG,15.601,Susceptible
A,HIS,51,ASP,2.295,Resistant
A,ALA,170,ASP,14.25,Resistant
A,GLY,113,VAL,17.425,Susceptible
A,GLY,97,ASP,3.94,Resistant
A,TYR,99,PHE,8.627,Susceptible
A,HIS,51,ARG,2.295,Resistant
A,HIS,42,LEU,22.724,Susceptible
A,THR,100,PRO,4.774,Susceptible
A,SER,74,ILE,9.95,Susceptible
A,ARG,123,CYS,21.534,Susceptible
A,GLY,124,SER,24.909,Resistant
A,PRO,62,THR,7.515,Resistant
A,GLY,132,CYS,6.043,Resistant
A,HIS,137,CYS,3.345,Resistant
A,VAL,7,ASP,3.546,Resistant
A,PRO,77,THR,13.366,Susceptible
A,ALA,165,GLY,14.51,Resistant
A,ASP,166,GLY,14.278,Susceptible
A,GLY,97,ALA,3.94,Resistant
A,HIS,137,ARG,3.345,Resistant
A,SER,32,ASN,15.601,Resistant
A,ARG,154,THR,14.749,Susceptible
A,ALA,152,ASP,19.734,Susceptible
A,SER,66,PRO,5.884,Resistant
A,ALA,171,GLU,11.093,Resistant
A,TYR,64,CYS,5.491,Resistant
A,ASP,12,ASN,6.641,Resistant
A,ALA,161,GLU,7.282,Susceptible
A,ILE,52,PHE,8.632,Susceptible
A,VAL,130,MET,9.165,Resistant
A,VAL,109,ASP,10.854,Susceptible
A,ASP,12,GLU,6.641,Resistant
A,LEU,85,VAL,10.759,Susceptible
A,LEU,172,ARG,13.25,Susceptible
A,ARG,2,PRO,19.735,Susceptible
A,ILE,5,ASN,9.641,Resistant
A,LEU,156,ARG,13.359,Resistant
A,ALA,134,GLY,2.774,Resistant
A,ASP,63,ASN,8.377,Susceptible
A,VAL,163,GLY,5.704,Susceptible
A,PHE,58,SER,4.324,Resistant
A,ILE,90,ASN,13.168,Resistant
A,ALA,98,PRO,7.109,Susceptible
A,ASP,145,VAL,10.023,Susceptible
A,LYS,48,ASN,6.153,Resistant
A,ASP,33,GLU,19.622,Susceptible
A,VAL,125,ASP,19.368,Resistant
A,GLU,127,LYS,19.732,Susceptible
A,GLY,55,ASP,9.764,Susceptible
A,TRP,119,LEU,17.392,Resistant
A,THR,61,PRO,11.902,Resistant
A,ALA,46,THR,10.216,Resistant
A,VAL,131,ASP,7.985,Resistant
A,LEU,151,SER,16.752,Resistant
A,ALA,79,SER,9.115,Susceptible
A,SER,164,LEU,10.673,Susceptible
A,THR,168,ASN,11.588,Resistant
A,ALA,102,VAL,1.864,Resistant
A,SER,84,ARG,14.759,Susceptible
A,CYS,184,ARG,18.322,Resistant
A,CYS,138,ARG,2.722,Resistant
A,ALA,36,PRO,21.05,Susceptible
A,ILE,6,PHE,8.346,Resistant
A,TYR,103,PHE,2.572,Susceptible
A,CYS,72,SER,4.981,Susceptible
A,SER,32,CYS,15.601,Susceptible
A,VAL,93,MET,11.209,Susceptible
A,LEU,151,PHE,16.752,Susceptible
A,LEU,19,MET,2.195,Susceptible
A,LEU,27,PRO,8.049,Resistant
A,GLN,141,HIS,5.902,Susceptible
A,ASP,53,VAL,9.895,Resistant
A,LYS,96,GLU,1.877,Resistant
A,THR,142,LYS,6.692,Resistant
A,TYR,34,ASP,16.547,Resistant
A,MET,1,ARG,22.98,Susceptible
A,SER,65,PRO,5.898,Susceptible
A,ARG,29,CYS,14.62,Resistant
A,SER,18,TRP,7.475,Susceptible
A,VAL,125,LEU,19.368,Susceptible
A,ALA,28,VAL,11.192,Susceptible
A,THR,153,SER,14.833,Susceptible
A,TRP,68,GLY,2.633,Resistant
A,ASP,129,TYR,13.801,Susceptible
A,PRO,62,ALA,7.515,Resistant
A,LEU,19,ARG,2.195,Resistant
A,ILE,31,VAL,10.071,Resistant
A,LEU,27,GLN,8.049,Resistant
A,THR,47,SER,5.585,Resistant
A,PHE,58,CYS,4.324,Resistant
A,VAL,45,MET,12.801,Resistant
A,TYR,41,ASN,17.94,Resistant
A,ARG,140,GLY,7.302,Susceptible
A,SER,84,ASN,14.759,Susceptible
A,ALA,92,GLU,14.495,Resistant
A,ALA,30,VAL,14.546,Resistant
A,PRO,115,GLN,14.63,Susceptible
A,PHE,58,VAL,4.324,Resistant
A,ASP,126,HIS,22.321,Susceptible
A,SER,74,ASN,9.95,Susceptible
A,THR,22,ASN,10.861,Susceptible
A,PRO,77,LEU,13.366,Susceptible
A,ALA,39,THR,20.546,Susceptible
A,ASN,149,LYS,14.413,Susceptible
A,ASP,40,VAL,22.823,Susceptible
A,VAL,44,PHE,15.524,Resistant
A,LEU,4,TRP,13.423,Resistant
A,ALA,46,SER,10.216,Susceptible
A,SER,32,ILE,15.601,Resistant
A,VAL,45,ALA,12.801,Susceptible
A,LEU,117,MET,15.226,Susceptible
A,ASP,63,TYR,8.377,Resistant
A,ALA,178,ASP,16.329,Susceptible
A,VAL,9,LEU,5.994,Resistant
A,VAL,139,MET,4.967,Resistant
A,THR,47,ILE,5.585,Resistant
A,VAL,131,ILE,7.985,Resistant
A,ASP,33,ALA,19.622,Susceptible
A,VAL,128,ASP,15.4,Resistant
A,ASP,49,VAL,1.766,Resistant
A,GLU,111,GLY,16.301,Susceptible
A,ASP,126,TYR,22.321,Susceptible
A,PRO,70,ARG,7.509,Susceptible
A,ALA,36,GLY,21.05,Susceptible
A,THR,153,ILE,14.833,Susceptible
A,SER,67,ALA,6.355,Susceptible
A,GLU,181,LYS,17.505,Resistant
A,PHE,13,ILE,2.577,Resistant
A,GLU,174,ALA,14.375,Susceptible
A,TYR,103,HIS,2.572,Resistant
A,ASP,166,GLU,14.278,Susceptible
A,GLU,15,LYS,11.962,Susceptible
A,VAL,131,LEU,7.985,Susceptible
A,SER,179,ARG,19.689,Susceptible
A,PHE,13,LEU,2.577,Susceptible
A,GLY,105,ALA,6.748,Susceptible
A,ILE,5,PHE,9.641,Resistant
A,GLY,23,SER,11.719,Susceptible
A,LEU,4,PHE,13.423,Resistant
A,ARG,176,PRO,18.102,Resistant
A,ALA,178,VAL,16.329,Susceptible
A,VAL,9,MET,5.994,Susceptible
A,THR,160,LYS,8.778,Resistant
A,HIS,71,ARG,2.236,Resistant
A,GLU,127,GLY,19.732,Susceptible
A,LEU,120,VAL,15.332,Susceptible
A,HIS,43,PRO,18.797,Resistant
A,ASN,11,THR,9.644,Resistant
A,SER,84,GLY,14.759,Susceptible
A,ASP,12,ALA,6.641,Resistant
A,LEU,182,SER,15.037,Resistant
A,ASN,149,SER,14.413,Susceptible
A,PRO,83,ARG,14.428,Susceptible
A,PHE,94,CYS,8.982,Resistant
A,GLU,144,VAL,11.423,Susceptible
A,ASP,49,ALA,1.766,Resistant
A,ASP,129,GLU,13.801,Resistant
A,ASP,53,GLU,9.895,Resistant
A,SER,179,GLY,19.689,Susceptible
A,TYR,41,CYS,17.94,Resistant
A,GLU,144,LYS,11.423,Susceptible
A,LEU,156,PRO,13.359,Resistant
A,ASP,56,GLU,8.706,Susceptible
A,ASP,33,ASN,19.622,Susceptible
A,LEU,85,ARG,10.759,Resistant
A,ASP,63,VAL,8.377,Resistant
A,ALA,26,THR,13.766,Susceptible
A,GLN,122,ARG,22.472,Susceptible
A,LEU,120,PRO,15.332,Resistant
A,ARG,176,CYS,18.102,Susceptible
A,ASN,112,ASP,17.515,Susceptible
A,THR,100,ASN,4.774,Susceptible
A,ASP,136,ASN,7.309,Resistant
A,SER,104,ASN,4.947,Resistant
A,GLY,17,ARG,10.103,Resistant
A,VAL,183,ILE,17.591,Susceptible
A,HIS,57,LEU,2.1,Resistant
A,ALA,3,GLU,17.116,Resistant
A,HIS,51,GLN,2.295,Resistant
A,HIS,71,ASP,2.236,Resistant
A,PHE,106,ILE,8.937,Resistant
A,MET,175,VAL,11.436,Resistant
A,ALA,170,PRO,14.25,Resistant
A,TYR,64,SER,5.491,Resistant
A,CYS,72,TRP,4.981,Resistant
A,GLN,10,LEU,5.282,Resistant
A,ARG,121,GLN,20.512,Susceptible
A,ALA,20,GLU,7.677,Susceptible
A,PHE,81,LEU,9.779,Susceptible
A,THR,168,PRO,11.588,Resistant
A,CYS,138,GLY,2.722,Resistant
A,SER,18,ALA,7.475,Susceptible
A,ARG,176,GLY,18.102,Susceptible
A,VAL,45,GLU,12.801,Resistant
A,ALA,26,GLY,13.766,Resistant
A,ASN,11,ASP,9.644,Susceptible
A,GLU,15,GLN,11.962,Susceptible
A,VAL,125,PHE,19.368,Resistant
A,ALA,92,PRO,14.495,Susceptible
A,SER,104,THR,4.947,Resistant
A,PRO,54,LEU,5.73,Resistant
A,ALA,30,THR,14.546,Susceptible
A,GLY,97,ARG,3.94,Resistant
A,VAL,9,GLY,5.994,Resistant
A,VAL,169,ALA,15.17,Susceptible
A,VAL,7,PHE,3.546,Resistant
A,ALA,79,GLU,9.115,Resistant
A,LEU,117,PRO,15.226,Susceptible
A,GLU,144,GLN,11.423,Susceptible
A,HIS,42,ASN,22.724,Resistant
A,TYR,99,ASP,8.627,Susceptible
A,ASN,112,THR,17.515,Susceptible
A,CYS,14,TRP,8.438,Resistant
A,GLU,91,ASP,17.781,Susceptible
A,ALA,170,SER,14.25,Resistant
A,ILE,90,PHE,13.168,Susceptible
A,GLY,75,CYS,13.339,Susceptible
A,ASP,33,GLY,19.622,Susceptible
A,ARG,154,MET,14.749,Resistant
A,HIS,137,LEU,3.345,Susceptible
A,GLU,174,GLN,14.375,Resistant
A,VAL,44,ALA,15.524,Resistant
A,ASP,80,GLU,10.764,Susceptible
A,GLY,132,ASP,6.043,Resistant
A,GLU,37,ALA,22.486,Susceptible
A,PRO,69,SER,4.828,Resistant
A,TYR,34,ASN,16.547,Resistant
A,ILE,6,SER,8.346,Resistant
A,ILE,31,SER,10.071,Resistant
A,VAL,21,GLY,5.899,Resistant
A,THR,47,PRO,5.585,Resistant
A,ARG,121,PRO,20.512,Resistant
A,GLN,10,ARG,5.282,Resistant
A,LYS,96,MET,1.877,Resistant
A,GLY,108,GLU,9.174,Resistant
A,LEU,4,VAL,13.423,Resistant
A,VAL,180,ASP,14.647,Resistant
A,THR,100,ILE,4.774,Susceptible
A,ASP,158,TYR,14.351,Susceptible
A,HIS,71,LEU,2.236,Resistant
A,LYS,48,GLN,6.153,Susceptible
A,ALA,28,PRO,11.192,Susceptible
A,THR,100,SER,4.774,Susceptible
A,VAL,183,ALA,17.591,Susceptible
A,ALA,36,THR,21.05,Susceptible
A,ILE,90,SER,13.168,Resistant
A,HIS,43,LEU,18.797,Susceptible
A,VAL,180,ALA,14.647,Resistant
A,ALA,79,THR,9.115,Susceptible
A,GLY,132,VAL,6.043,Resistant
A,ALA,134,ASP,2.774,Susceptible
A,VAL,147,LEU,15.423,Susceptible
A,PRO,69,ARG,4.828,Resistant
A,ALA,79,VAL,9.115,Resistant
A,LYS,96,ASN,1.877,Resistant
A,ALA,171,VAL,11.093,Resistant
A,PHE,58,LEU,4.324,Resistant
A,THR,177,PRO,19.078,Susceptible
A,GLU,174,ASP,14.375,Resistant
A,GLY,75,ALA,13.339,Susceptible
A,HIS,71,ASN,2.236,Resistant
A,CYS,184,TRP,18.322,Susceptible
A,GLY,16,SER,13.081,Susceptible
A,VAL,157,LEU,13.222,Susceptible
A,GLU,173,GLY,16.909,Resistant
A,PHE,81,CYS,9.779,Susceptible
A,GLU,181,ASP,17.505,Resistant
A,HIS,82,ASN,10.665,Resistant
A,VAL,183,LEU,17.591,Resistant
A,VAL,169,ILE,15.17,Susceptible
A,HIS,82,TYR,10.665,Resistant
A,LEU,182,MET,15.037,Susceptible
A,VAL,109,ILE,10.854,Susceptible
A,GLY,78,VAL,9.534,Resistant
A,ILE,133,SER,2.107,Resistant
A,ALA,102,THR,1.864,Resistant
A,PRO,70,ALA,7.509,Resistant
A,PRO,62,ARG,7.515,Resistant
A,ALA,171,GLY,11.093,Resistant
A,THR,167,SER,10.56,Susceptible
A,GLY,23,ALA,11.719,Susceptible
A,ARG,148,SER,12.127,Susceptible
A,VAL,44,ASP,15.524,Resistant
A,ILE,52,THR,8.632,Resistant
A,ARG,121,LEU,20.512,Susceptible
A,VAL,180,LEU,14.647,Susceptible
A,ALA,25,ASP,11.879,Resistant
A,THR,168,ALA,11.588,Susceptible
A,VAL,130,ALA,9.165,Resistant
A,MET,1,VAL,22.98,Susceptible
A,VAL,128,PHE,15.4,Resistant
A,VAL,157,MET,13.222,Susceptible
A,THR,114,ALA,16.12,Resistant
A,THR,153,PRO,14.833,Resistant
A,ALA,165,SER,14.51,Resistant
A,ILE,5,MET,9.641,Resistant
A,VAL,128,ILE,15.4,Susceptible
A,ASP,80,GLY,10.764,Susceptible
A,ARG,29,LEU,14.62,Susceptible
A,CYS,138,SER,2.722,Resistant
A,ALA,165,ASP,14.51,Resistant
A,GLY,124,VAL,24.909,Susceptible
A,ALA,38,GLU,20.813,Susceptible
A,ARG,2,GLY,19.735,Susceptible
A,SER,88,TRP,19.445,Susceptible
A,ASP,86,ALA,16.797,Susceptible
A,GLU,107,ASP,5.937,Susceptible
A,ASP,49,TYR,1.766,Resistant
A,THR,168,ILE,11.588,Resistant
A,ALA,161,THR,7.282,Susceptible
A,SER,65,TYR,5.898,Susceptible
A,SER,18,PRO,7.475,Susceptible
A,PRO,83,SER,14.428,Susceptible
A,ALA,20,GLY,7.677,Susceptible
A,ASN,112,SER,17.515,Resistant
A,ASP,80,TYR,10.764,Susceptible
A,GLU,15,ASP,11.962,Susceptible
A,HIS,71,GLN,2.236,Resistant
A,ALA,102,SER,1.864,Resistant
A,PHE,81,ILE,9.779,Susceptible
A,ALA,26,SER,13.766,Resistant
A,TRP,119,CYS,17.392,Resistant
A,TYR,41,SER,17.94,Resistant
A,MET,1,LEU,22.98,Resistant
A,TYR,95,CYS,8.437,Susceptible
A,PHE,13,TYR,2.577,Resistant
A,ILE,52,SER,8.632,Resistant
A,SER,65,PHE,5.898,Resistant
A,PRO,54,THR,5.73,Resistant
A,PRO,115,THR,14.63,Susceptible
A,PRO,54,ARG,5.73,Resistant
A,THR,135,ILE,6.729,Resistant
A,ASN,112,HIS,17.515,Susceptible
A,PHE,58,TYR,4.324,Susceptible
A,PHE,50,SER,4.625,Resistant
A,ASP,136,GLU,7.309,Susceptible
A,LYS,48,ARG,6.153,Susceptible
A,ALA,134,THR,2.774,Resistant
A,ARG,148,HIS,12.127,Susceptible
A,LEU,172,GLN,13.25,Susceptible
A,ALA,89,SER,18.395,Susceptible
A,THR,47,ASN,5.585,Resistant
A,VAL,7,GLY,3.546,Resistant
A,ASN,118,ILE,17.793,Susceptible
A,MET,175,LEU,11.436,Susceptible
A,VAL,131,GLY,7.985,Resistant
A,GLY,75,VAL,13.339,Resistant
A,GLY,78,ASP,9.534,Resistant
A,LEU,116,ARG,10.967,Resistant
A,ALA,39,PRO,20.546,Susceptible
A,GLU,174,LYS,14.375,Resistant
A,PRO,62,LEU,7.515,Resistant
A,ILE,31,ASN,10.071,Resistant
A,PHE,106,VAL,8.937,Resistant
A,THR,61,ILE,11.902,Susceptible
A,ALA,20,VAL,7.677,Susceptible
A,ALA,92,SER,14.495,Susceptible
A,ASP,136,ALA,7.309,Resistant
A,GLY,16,ARG,13.081,Resistant
A,ALA,20,THR,7.677,Susceptible
A,ARG,154,TRP,14.749,Susceptible
A,ALA,28,THR,11.192,Resistant
A,HIS,57,GLN,2.1,Resistant
A,VAL,125,ALA,19.368,Resistant
A,GLU,107,GLY,5.937,Susceptible
A,SER,59,TYR,8.7,Susceptible
A,CYS,138,PHE,2.722,Resistant
A,ASN,118,TYR,17.793,Resistant
A,GLN,122,LEU,22.472,Susceptible
A,GLY,113,ALA,17.425,Susceptible
A,LEU,117,VAL,15.226,Susceptible
A,ARG,154,LYS,14.749,Susceptible
A,ASN,11,TYR,9.644,Susceptible
A,PRO,69,ALA,4.828,Resistant
A,THR,47,ALA,5.585,Resistant
A,GLY,23,ASP,11.719,Susceptible
A,ASP,8,GLU,1.904,Resistant
A,ASP,8,ASN,1.904,Resistant
A,TYR,34,CYS,16.547,Susceptible
A,VAL,130,GLU,9.165,Resistant
A,VAL,169,PHE,15.17,Susceptible
A,ALA,26,VAL,13.766,Resistant
A,LEU,19,VAL,2.195,Susceptible
A,SER,66,THR,5.884,Susceptible
A,ARG,123,GLY,21.534,Susceptible
A,LEU,120,GLN,15.332,Resistant
A,LEU,116,PRO,10.967,Susceptible
A,ASP,40,ASN,22.823,Susceptible
A,ALA,152,SER,19.734,Susceptible
A,ASP,158,GLY,14.351,Resistant
A,PHE,13,CYS,2.577,Resistant
A,ILE,5,SER,9.641,Resistant
A,VAL,93,LEU,11.209,Resistant
A,ARG,140,PRO,7.302,Resistant
A,PRO,70,SER,7.509,Resistant
A,THR,135,ASN,6.729,Resistant
A,ALA,39,GLY,20.546,Susceptible
A,LEU,117,GLN,15.226,Resistant
A,GLN,10,HIS,5.282,Resistant
A,THR,100,ALA,4.774,Susceptible
A,VAL,130,LEU,9.165,Susceptible
A,ALA,28,SER,11.192,Resistant
A,ALA,38,GLY,20.813,Resistant
A,GLU,37,ASP,22.486,Susceptible
A,ILE,133,ASN,2.107,Resistant
A,ASP,129,VAL,13.801,Susceptible
A,LEU,85,GLN,10.759,Resistant
A,GLU,111,ALA,16.301,Susceptible
A,GLU,173,ASP,16.909,Susceptible
A,ASP,166,HIS,14.278,Susceptible
A,ALA,102,ARG,1.864,Resistant
A,GLY,24,ASP,9.28,Resistant
A,GLY,108,VAL,9.174,Resistant
A,GLY,105,VAL,6.748,Resistant
A,GLY,132,ALA,6.043,Resistant
A,VAL,7,LEU,3.546,Resistant
A,HIS,43,TYR,18.797,Susceptible
A,LEU,19,GLN,2.195,Resistant
A,ALA,178,SER,16.329,Susceptible
A,ASP,49,ASN,1.766,Resistant
A,GLY,60,CYS,12.41,Susceptible
A,THR,114,SER,16.12,Susceptible
A,ALA,134,VAL,2.774,Resistant
A,ARG,29,HIS,14.62,Susceptible
A,ARG,140,CYS,7.302,Susceptible
A,TRP,68,CYS,2.633,Resistant
A,GLY,55,VAL,9.764,Susceptible
A,ASP,126,GLU,22.321,Susceptible
A,ALA,143,THR,10.15,Susceptible
A,VAL,131,PHE,7.985,Resistant
A,PRO,77,SER,13.366,Resistant
A,GLU,107,VAL,5.937,Susceptible
A,SER,185,ARG,17.176,Susceptible
A,ALA,170,VAL,14.25,Resistant
A,SER,59,PRO,8.7,Resistant
A,HIS,57,ASP,2.1,Resistant
A,ALA,171,PRO,11.093,Resistant
A,ASN,149,ILE,14.413,Resistant
A,ALA,98,SER,7.109,Susceptible
A,VAL,73,ALA,8.195,Susceptible
A,TYR,103,SER,2.572,Resistant
A,LEU,156,GLN,13.359,Resistant
A,VAL,21,LEU,5.899,Susceptible
A,GLU,91,GLY,17.781,Susceptible
A,ASP,158,ASN,14.351,Susceptible
A,ASP,12,VAL,6.641,Resistant
A,VAL,7,ILE,3.546,Resistant
A,TYR,64,HIS,5.491,Susceptible
A,ASP,86,TYR,16.797,Susceptible
A,ARG,123,SER,21.534,Resistant
A,SER,104,GLY,4.947,Resistant
A,SER,65,CYS,5.898,Susceptible
A,ILE,31,THR,10.071,Resistant
A,ASP,8,TYR,1.904,Resistant
A,SER,84,ILE,14.759,Susceptible
A,ARG,154,GLY,14.749,Susceptible
A,ASP,110,VAL,14.447,Susceptible
